;Values;Average_difference;Average_value;Std_values;videoid;channel
0;Hue;1.4973333295290479;329.68571921562364;49.79088565255197;1;BabyChaCha
1;Lightness;0.23870426004927;62.58672633618165;8.6888950679643;1;BabyChaCha
2;Saturation;0.2859155500811152;69.11777167400021;9.94182149894396;1;BabyChaCha
0;Hue;1.2379405672128516;239.7432615820767;65.65815997522155;2;BabyChaCha
1;Lightness;0.2332925490196078;51.80066870023938;11.779252208362216;2;BabyChaCha
2;Saturation;0.3132280401538605;60.95999952725062;10.955840890187424;2;BabyChaCha
0;Hue;1.2643291468275248;343.18982980746523;65.18682134486781;3;BabyChaCha
1;Lightness;0.170615054884583;70.92028674434515;7.458057639936103;3;BabyChaCha
2;Saturation;0.20149012367132974;58.06116117379202;9.297562926539367;3;BabyChaCha
0;Hue;1.2226986581517836;290.8025093755443;59.272256896183194;4;BabyChaCha
1;Lightness;0.1998614537274067;51.970328935482996;12.20239074552204;4;BabyChaCha
2;Saturation;0.27211176972534423;43.669003202583966;16.188235001547;4;BabyChaCha
0;Hue;1.4828167734372395;304.0468700283617;69.8813631154629;5;BabyChaCha
1;Lightness;0.21005299748560224;64.80781063215508;9.377783240066256;5;BabyChaCha
2;Saturation;0.24383344762414474;63.59982498968888;10.262881306403804;5;BabyChaCha
0;Hue;1.789249992019154;248.13974552833255;73.32900707266552;6;BabyChaCha
1;Lightness;0.22984081017022187;59.84572231054583;10.872014621622393;6;BabyChaCha
2;Saturation;0.2993766602025425;55.17330882676076;11.246171618523974;6;BabyChaCha
0;Hue;1.7394792558357584;250.76380113911975;69.8376689492121;7;BabyChaCha
1;Lightness;0.25219659501465247;60.20593240873584;9.675819538989497;7;BabyChaCha
2;Saturation;0.29002063782091136;55.76210578670492;8.991704763081529;7;BabyChaCha
0;Hue;1.585159464167718;269.30850797150384;63.756983457824816;8;BabyChaCha
1;Lightness;0.26686006512521376;58.183217072782284;11.203188699119279;8;BabyChaCha
2;Saturation;0.3138116897416076;64.31016355170831;10.070072187896212;8;BabyChaCha
0;Hue;1.33986745041801;342.7760809616029;63.258787289400175;9;BabyChaCha
1;Lightness;0.20737263198650405;66.05715167853275;9.655826363867533;9;BabyChaCha
2;Saturation;0.3070538639527273;56.737451579456696;10.359743420029263;9;BabyChaCha
0;Hue;1.3767313017644605;280.92671128346205;59.585730613847126;10;BabyChaCha
1;Lightness;0.21154865799650302;59.543599319467475;8.71561863331418;10;BabyChaCha
2;Saturation;0.35030804181077935;59.382576334481726;11.011634435835411;10;BabyChaCha
0;Hue;1.1529729700443077;234.35051444494434;64.2847290417635;11;BabyChaCha
1;Lightness;0.24552688683231919;48.1543298426831;12.235274247263808;11;BabyChaCha
2;Saturation;0.3758241210277214;54.38317388296552;13.03375202316483;11;BabyChaCha
0;Hue;1.5553142320485926;343.3371848562245;49.57922627671814;12;BabyChaCha
1;Lightness;0.23601913864278878;63.616061551440026;7.4184557956318224;12;BabyChaCha
2;Saturation;0.3042299791422701;64.19511661423716;8.996727171672912;12;BabyChaCha
0;Hue;1.4744089279490622;232.71207289978065;82.05460759128003;13;BabyChaCha
1;Lightness;0.19944647366425594;58.344162877771936;11.407101269831369;13;BabyChaCha
2;Saturation;0.26037978124485833;53.962683874936076;10.749652363580086;13;BabyChaCha
0;Hue;1.1127155556032124;239.97600313039757;63.105633739680236;14;BabyChaCha
1;Lightness;0.20218327416272547;59.25260583636441;10.004585223919857;14;BabyChaCha
2;Saturation;0.2290424230259389;63.12043281073624;9.915757529298528;14;BabyChaCha
0;Hue;1.5587981590999143;247.17224158456068;73.15845372369027;15;BabyChaCha
1;Lightness;0.2621477660371078;57.18732031689444;11.126719162624994;15;BabyChaCha
2;Saturation;0.2884294787221819;55.16138900376312;10.712922613435568;15;BabyChaCha
0;Hue;1.2262061488908707;291.95460356345666;52.918806869199834;16;BabyChaCha
1;Lightness;0.19062033754870022;59.44200438213144;8.668051861818066;16;BabyChaCha
2;Saturation;0.2915390001277383;59.709765312516204;11.3277595960589;16;BabyChaCha
0;Hue;1.3984609472298324;300.5444413407821;53.13246276796263;17;BabyChaCha
1;Lightness;0.21627332565486682;58.53505655752867;8.75862560292405;17;BabyChaCha
2;Saturation;0.28147396953591525;65.93831036810951;10.982371181691828;17;BabyChaCha
0;Hue;1.4380997826626023;258.3022743948588;80.7695946086648;18;BabyChaCha
1;Lightness;0.2800935135411867;56.85940082198371;16.04238399205447;18;BabyChaCha
2;Saturation;0.3622875339169611;56.024075954161354;15.7662342950322;18;BabyChaCha
0;Hue;1.3357420908052724;326.22662035860253;55.53906597429518;19;BabyChaCha
1;Lightness;0.22824059028153923;64.0523726292481;10.329353194262156;19;BabyChaCha
2;Saturation;0.29505073484273997;62.80364220499984;11.480092893375755;19;BabyChaCha
0;Hue;1.0810275680076364;300.3647627516861;64.48325000484252;20;BabyChaCha
1;Lightness;0.16508560777744943;61.641807870227844;9.061694122078599;20;BabyChaCha
2;Saturation;0.19963048083555027;62.1600835785853;10.506917100446655;20;BabyChaCha
0;Hue;0.7111403720141805;335.8884291151571;56.21142380683115;1;Bebefinn
1;Lightness;0.13694307648018422;61.23723952526696;12.080879635505815;1;Bebefinn
2;Saturation;0.10056058599622571;71.86829271366025;11.002536540081806;1;Bebefinn
0;Hue;1.161947465841018;284.0201136460716;84.66624502122059;2;Bebefinn
1;Lightness;0.18848265611465465;65.85189326404814;13.352427088936736;2;Bebefinn
2;Saturation;0.19512682100952833;72.59960981802793;12.73507274939922;2;Bebefinn
0;Hue;0.9900815240544996;252.8520690751404;63.976031675676076;3;Bebefinn
1;Lightness;0.23461280544192098;66.72882942179429;11.054737692863212;3;Bebefinn
2;Saturation;0.17068743123148558;74.82403319166541;8.899898788583934;3;Bebefinn
0;Hue;1.0651318660961417;229.36103528732406;84.4271709078139;4;Bebefinn
1;Lightness;0.1800128764119432;58.09959750544131;13.877608621721944;4;Bebefinn
2;Saturation;0.17049359366633515;66.56724715824896;13.763967334146042;4;Bebefinn
0;Hue;0.9994426993355947;283.3750593269107;67.40010124133588;5;Bebefinn
1;Lightness;0.20307472630853193;65.3754409751415;11.788901104016546;5;Bebefinn
2;Saturation;0.16415962060144468;76.69603067933268;9.64870767908424;5;Bebefinn
0;Hue;1.0049306521046766;290.0258998013914;80.81523120326013;6;Bebefinn
1;Lightness;0.1617861586499094;69.96080532115826;10.739624747538198;6;Bebefinn
2;Saturation;0.15929413803296405;78.25686614895439;12.369477786473105;6;Bebefinn
0;Hue;1.6024918715131053;235.9712464299484;83.15903000820127;7;Bebefinn
1;Lightness;0.34077473371348205;65.41058046777574;11.93480042841176;7;Bebefinn
2;Saturation;0.27932961809321927;71.25689088991483;13.437121898575702;7;Bebefinn
0;Hue;0.9231682176328451;303.6926915815835;58.090998791053735;8;Bebefinn
1;Lightness;0.16466720630074025;69.97499850431291;9.14673042200832;8;Bebefinn
2;Saturation;0.10370641857160921;83.576595399567;6.591555069365247;8;Bebefinn
0;Hue;1.2291700225717979;283.08464908110193;67.91686061581612;9;Bebefinn
1;Lightness;0.2933388312386516;64.0340011764706;12.353961960843403;9;Bebefinn
2;Saturation;0.14639082465198525;79.33155237998646;6.851046286595664;9;Bebefinn
0;Hue;0.8978974967452747;283.154526153911;75.13002738985688;10;Bebefinn
1;Lightness;0.13880135089106108;69.98545001012039;10.122149705423142;10;Bebefinn
2;Saturation;0.14049599295634344;76.60759023045561;9.391797724175659;10;Bebefinn
0;Hue;0.9844260208971275;246.77143794171096;78.45480052416862;11;Bebefinn
1;Lightness;0.30523762080564437;72.62565385069689;12.99160536166067;11;Bebefinn
2;Saturation;0.15971663631142835;71.70523544504816;9.921969670007556;11;Bebefinn
0;Hue;1.3968282144761806;278.0441128817958;95.58574464361044;12;Bebefinn
1;Lightness;0.24049442040770405;60.20189514303635;18.04417106727554;12;Bebefinn
2;Saturation;0.23267740648685148;62.73311494041289;17.40217031719535;12;Bebefinn
0;Hue;1.0610874793155958;295.43200342015234;69.35904199039447;13;Bebefinn
1;Lightness;0.20786620956017962;57.27385914749451;11.400791136731925;13;Bebefinn
2;Saturation;0.149717230455443;70.39540633395161;8.829049521949756;13;Bebefinn
0;Hue;0.9269223676126934;275.8203157347866;71.13302520658547;14;Bebefinn
1;Lightness;0.2025894779974339;67.4538029141439;11.312908766910821;14;Bebefinn
2;Saturation;0.1444775742431265;77.21183934262179;7.8615553829367455;14;Bebefinn
0;Hue;0.9574273052998515;305.86448179098016;58.25501971115302;15;Bebefinn
1;Lightness;0.1655137805045775;53.91033852003982;13.307680453120781;15;Bebefinn
2;Saturation;0.155822901530237;66.00466067579646;13.430925562252959;15;Bebefinn
0;Hue;1.1024885295814206;220.5831622175288;94.87835736903916;16;Bebefinn
1;Lightness;0.18095446918900185;59.89893139576272;15.551820969927158;16;Bebefinn
2;Saturation;0.19177908207804753;65.55082070662519;15.890371816613966;16;Bebefinn
0;Hue;1.100775078553089;261.5417612135474;80.47818497323375;17;Bebefinn
1;Lightness;0.14261949136090094;69.98770490869188;8.705854555824668;17;Bebefinn
2;Saturation;0.15906393371784983;65.29531540669916;13.833105128631003;17;Bebefinn
0;Hue;0.8144229219407298;316.57784173230885;64.43691878344755;18;Bebefinn
1;Lightness;0.13501753493324287;62.06301352200073;10.460364273517676;18;Bebefinn
2;Saturation;0.0979205761433198;72.30709391290148;9.824833250170334;18;Bebefinn
0;Hue;0.8363364760275132;299.49792556434784;62.559815902705786;19;Bebefinn
1;Lightness;0.15772022033965702;70.58966753819999;9.418756370509;19;Bebefinn
2;Saturation;0.12525843508464915;78.30295002435655;8.934016746125002;19;Bebefinn
0;Hue;1.3633637842662336;237.60208864226337;102.62434080338973;20;Bebefinn
1;Lightness;0.17102854472990214;61.390917800058936;14.644316473466162;20;Bebefinn
2;Saturation;0.1983033587015487;70.35737412918476;12.837381966267069;20;Bebefinn
0;Hue;1.04846535655603;380.9262751161227;43.64906404518995;1;Bluey
1;Lightness;0.16752181468665894;81.02019115917632;5.710641104002987;1;Bluey
2;Saturation;0.22304487504805848;75.95060145579204;7.914537229585203;1;Bluey
0;Hue;1.237058255488621;325.89888268156426;34.481370279387484;2;Bluey
1;Lightness;0.22461120174007607;70.39587571466942;5.5413665877182785;2;Bluey
2;Saturation;0.1865184531235006;76.17837115485464;6.856867971379407;2;Bluey
0;Hue;0.7138072372018556;309.3254901436284;39.69831343504518;3;Bluey
1;Lightness;0.13610234595015272;61.053133879241;7.279142830572155;3;Bluey
2;Saturation;0.12312418300653602;65.81767046428524;3.7410425303862915;3;Bluey
0;Hue;0.88548174301676;257.09657107835966;78.78370037270558;4;Bluey
1;Lightness;0.15518817180205421;50.53052854723453;12.23912054088958;4;Bluey
2;Saturation;0.16063374416433232;54.30029521371447;8.783997418811023;4;Bluey
0;Hue;0.7231231951189838;325.9328013378295;34.01596774604511;5;Bluey
1;Lightness;0.1443720344642603;71.81262784142221;5.793246053518203;5;Bluey
2;Saturation;0.14317956156964928;73.38936652453854;7.446857984961076;5;Bluey
0;Hue;0.7198791188142263;312.15717292248604;59.826818310917126;6;Bluey
1;Lightness;0.14195251146671148;56.87424368947274;15.47166472080261;6;Bluey
2;Saturation;0.14139012601705753;62.667116683106165;15.197934902686084;6;Bluey
0;Hue;0.9357890876306081;351.4472648102635;74.05065298816163;7;Bluey
1;Lightness;0.16607231734192257;73.86552136752137;12.176742776818058;7;Bluey
2;Saturation;0.17676889868339254;74.48745978160782;11.307566083856953;7;Bluey
0;Hue;1.0598784381157613;238.8956854761514;72.26429046823979;8;Bluey
1;Lightness;0.15907041469163619;58.15069081234342;8.443888777425322;8;Bluey
2;Saturation;0.1542205947108037;53.67415104965723;8.093887112588831;8;Bluey
0;Hue;0.6673529411764713;421.5223771323864;23.567072899020058;9;Bluey
1;Lightness;0.11279155453030874;79.23784842836187;4.24640718216592;9;Bluey
2;Saturation;0.1138361912085096;77.50961317267843;5.320107458182244;9;Bluey
0;Hue;0.909775216138329;339.57654558330177;31.894928455162482;10;Bluey
1;Lightness;0.17394945784910182;69.28332720745149;5.443937159957705;10;Bluey
2;Saturation;0.1753853823309663;69.8679221711732;6.7906334922848774;10;Bluey
0;Hue;1.041759072139908;352.2641163128087;52.446816837270646;11;Bluey
1;Lightness;0.17977850241545895;74.81751488164987;8.038532573700913;11;Bluey
2;Saturation;0.1538743961352657;64.79757919480723;7.367692856357241;11;Bluey
0;Hue;1.0044621175677435;320.5141612792822;44.08679792902063;12;Bluey
1;Lightness;0.17181013297839579;67.73784927279112;6.6492447659436325;12;Bluey
2;Saturation;0.1405175312111016;69.1277643732328;6.265861406665179;12;Bluey
0;Hue;0.8276168711708222;308.0580482321623;44.20494602620441;13;Bluey
1;Lightness;0.14330820317385096;64.78293595209897;8.581635738360712;13;Bluey
2;Saturation;0.1216990041400918;76.62843310961968;5.44677982187812;13;Bluey
0;Hue;0.9267915681264046;403.1595890551834;31.261526654434988;14;Bluey
1;Lightness;0.12767826947292663;79.13636269050693;4.331976005451222;14;Bluey
2;Saturation;0.22978395394855172;67.91696700770056;7.351185066482471;14;Bluey
0;Hue;0.5406771828660093;359.18499683975614;51.085683602497824;15;Bluey
1;Lightness;0.09242477038491202;75.77768625114626;7.849984953798532;15;Bluey
2;Saturation;0.0835114982822689;72.07193002622556;6.590609890195707;15;Bluey
0;Hue;0.696445577343347;331.47352290838325;30.670910182206093;16;Bluey
1;Lightness;0.15971585643603262;68.87638506480336;5.958150275524998;16;Bluey
2;Saturation;0.14748075865860355;68.8685855136182;7.901865261314228;16;Bluey
0;Hue;0.5406771828660093;359.18499683975614;51.085683602497824;17;Bluey
1;Lightness;0.09242477038491202;75.77768625114626;7.849984953798532;17;Bluey
2;Saturation;0.0835114982822689;72.07193002622556;6.590609890195707;17;Bluey
0;Hue;1.0282497063672111;251.00195458381896;63.48876782197148;18;Bluey
1;Lightness;0.20131629418726943;53.1116720692201;13.919609345831233;18;Bluey
2;Saturation;0.21586583046599309;64.55698624721308;12.266414253950867;18;Bluey
0;Hue;0.7760751711793934;280.63833512822237;46.48517657286741;19;Bluey
1;Lightness;0.14999625829575222;54.572800154867835;11.208799033103466;19;Bluey
2;Saturation;0.16480040961814912;54.99532977662284;14.80586685484556;19;Bluey
0;Hue;1.1620211013567436;330.34881596698165;77.02029805701929;20;Bluey
1;Lightness;0.18897931279178334;68.2979793931857;10.444050454126593;20;Bluey
2;Saturation;0.16073939122315598;66.42525394967053;9.359780064342734;20;Bluey
0;Hue;2.7621901280102974;358.6601491740413;56.669654178959625;1;Coco
1;Lightness;0.5117469107681796;71.18174402110225;11.125501179414453;1;Coco
2;Saturation;0.4619083290625059;75.32274545859961;9.644993151376244;1;Coco
0;Hue;2.4534515741451135;318.3595031651418;64.2899500640849;2;Coco
1;Lightness;0.4425652155221267;70.16588847208871;13.036504543799778;2;Coco
2;Saturation;0.40232666971512543;53.81940470775796;13.131853522828559;2;Coco
0;Hue;1.8750846032282096;237.43870451373454;89.13410739563375;3;Coco
1;Lightness;0.41010891537048605;59.57666541827804;15.549892978533938;3;Coco
2;Saturation;0.3419323542984339;66.850859732682;12.47279183025326;3;Coco
0;Hue;2.0367538850280913;337.6899121493469;68.96365893903325;4;Coco
1;Lightness;0.28582649804107696;63.38704879398973;13.064946995534106;4;Coco
2;Saturation;0.4148142512819082;57.50303210290047;16.12052182725729;4;Coco
0;Hue;1.40815367580282;264.5746866336958;77.36029738487962;5;Coco
1;Lightness;0.2370880676814336;61.93571206608096;14.356788690064487;5;Coco
2;Saturation;0.24732793563672933;69.30620040164406;12.695975490315936;5;Coco
0;Hue;1.9731104531220696;257.5173532592716;93.46741195935734;6;Coco
1;Lightness;0.41473898430175726;64.18891231061455;15.5394430008698;6;Coco
2;Saturation;0.4046748947798856;77.80714151249109;12.14838909095292;6;Coco
0;Hue;1.4741373255702603;218.2930810718682;131.40116584357875;7;Coco
1;Lightness;0.25725492412071255;57.48981439385547;18.50949876587543;7;Coco
2;Saturation;0.26608638678677354;58.59694461061261;17.703582874495854;7;Coco
0;Hue;2.098617421891165;261.42838009513645;76.66550632866078;8;Coco
1;Lightness;0.44357103203421283;64.44218326738225;12.571194220976524;8;Coco
2;Saturation;0.43196305172274674;63.74789867331422;13.223281184029984;8;Coco
0;Hue;1.9043168936700683;294.2735957596831;80.24110575857722;9;Coco
1;Lightness;0.3041696483552098;57.391588271747445;16.046519121177287;9;Coco
2;Saturation;0.4020789823367364;53.55042878031196;19.38031270342168;9;Coco
0;Hue;1.681415671861217;255.29673452969615;86.54486186645053;10;Coco
1;Lightness;0.3191909270725835;55.31145465175765;16.980212911624154;10;Coco
2;Saturation;0.39455890092879253;60.76849957224722;15.93031231477418;10;Coco
0;Hue;1.8012387786553652;205.79613973552085;97.15356945065103;11;Coco
1;Lightness;0.2934355772481406;56.78366156007246;13.581039510969939;11;Coco
2;Saturation;0.3716899509803923;75.9955792525467;10.593291396261183;11;Coco
0;Hue;3.2696048658144616;248.4688911440443;94.45590359623479;12;Coco
1;Lightness;0.5067190269434365;63.00462076142057;14.164747572269667;12;Coco
2;Saturation;0.5453835325839134;56.39202145614374;15.956479963272175;12;Coco
0;Hue;2.4895538554955112;227.9682094584878;99.82933529327909;13;Coco
1;Lightness;0.5132590089762075;48.070017219957286;18.91162137512785;13;Coco
2;Saturation;0.40307284369553703;51.03732541254125;17.431442575432687;13;Coco
0;Hue;1.5218542833232631;337.7731480180438;53.1924828572002;14;Coco
1;Lightness;0.2824770523594053;61.741237975386746;12.199172815589174;14;Coco
2;Saturation;0.37525519681556835;56.6146759632445;14.635060658852092;14;Coco
0;Hue;2.2620142451907;241.84626984616236;97.75671562611582;15;Coco
1;Lightness;0.36948455381167006;51.81129399207959;17.104803083595858;15;Coco
2;Saturation;0.36822684037892073;52.18069865739399;15.792682011341435;15;Coco
0;Hue;3.133954892610794;287.650795872793;80.06062257569594;16;Coco
1;Lightness;0.6002791905127147;65.35829676523016;13.332752916554048;16;Coco
2;Saturation;0.5416325971378187;69.55405265020447;11.083521948905922;16;Coco
0;Hue;1.8779736423178117;131.69416672768332;114.14466033547708;17;Coco
1;Lightness;0.4133663399388272;32.986393274926996;21.61976439976794;17;Coco
2;Saturation;0.5113120855918447;36.78750700876095;23.933810890546486;17;Coco
0;Hue;1.897895446097282;261.30393728443045;87.67826857611304;18;Coco
1;Lightness;0.39656871746040784;61.26615020365634;15.926979573698127;18;Coco
2;Saturation;0.37527781172870217;76.41873751065644;11.41685786541066;18;Coco
0;Hue;2.2283824591615624;213.03036806635774;90.762880604348;19;Coco
1;Lightness;0.49939007290279147;57.0768049347181;15.887792854711837;19;Coco
2;Saturation;0.5295102049585356;60.124709383625635;14.73252131374619;19;Coco
0;Hue;2.5760663398054464;218.98636047727717;82.32802658662126;20;Coco
1;Lightness;0.3493057040998217;63.34549001785646;10.757154947896513;20;Coco
2;Saturation;0.4415834018922255;56.07852861319322;12.814911065753385;20;Coco
0;Hue;1.5775745861592694;273.65345273929876;123.0525591846157;1;PinkFong
1;Lightness;0.26894194824301176;53.15603462476973;18.637202662803674;1;PinkFong
2;Saturation;0.28659817186407144;59.45672073531823;19.741485357568234;1;PinkFong
0;Hue;1.295626815079151;242.546555815237;75.91106248546232;2;PinkFong
1;Lightness;0.21032408546983197;76.91735418643263;10.84034382102793;2;PinkFong
2;Saturation;0.23884740283812042;79.52225823252688;13.504134488916366;2;PinkFong
0;Hue;2.9716850331481677;273.2251774616848;149.70376688529151;3;PinkFong
1;Lightness;0.4945170563274816;56.82784286001428;19.420027923540495;3;PinkFong
2;Saturation;0.591824597165599;50.045582295413745;28.13680221349469;3;PinkFong
0;Hue;3.290506568241232;264.24569972358614;156.98584509917663;4;PinkFong
1;Lightness;0.4413920299378886;53.598751099103524;16.289140869548472;4;PinkFong
2;Saturation;0.6320188667657499;55.60201234598224;25.441418871334555;4;PinkFong
0;Hue;2.204823011367892;303.28017045769326;78.91686636692879;5;PinkFong
1;Lightness;0.4369602270935184;54.40324605189167;17.667810458598634;5;PinkFong
2;Saturation;0.5402710508332018;48.484338352226445;21.24931093856038;5;PinkFong
0;Hue;2.1112547420203303;242.52397851517804;111.64869020230644;6;PinkFong
1;Lightness;0.4004634151464549;62.90020502401764;17.942983466658358;6;PinkFong
2;Saturation;0.40093082117689066;54.64191138409848;21.820566306618286;6;PinkFong
0;Hue;2.176536980616851;331.0243252205377;81.4181357225029;7;PinkFong
1;Lightness;0.45572251867662755;52.54160795472377;14.363786825411001;7;PinkFong
2;Saturation;0.4889950474675818;42.40441779386484;17.319692663518317;7;PinkFong
0;Hue;1.0527804223837682;226.48925250082155;133.0530218866565;8;PinkFong
1;Lightness;0.2050271146115349;51.74112853005254;22.109142547355237;8;PinkFong
2;Saturation;0.23085238739847408;61.77677891067538;20.009527372114633;8;PinkFong
0;Hue;2.7378970567761978;315.2010302810782;166.87720281871037;9;PinkFong
1;Lightness;0.4102741965795902;56.87013256430008;24.127958053889653;9;PinkFong
2;Saturation;0.5949822213869572;36.52449011466612;26.412949518695825;9;PinkFong
0;Hue;2.0493544521493834;326.99645315432684;111.88299093263657;10;PinkFong
1;Lightness;0.3509382553284991;55.90955720891783;22.34362916513918;10;PinkFong
2;Saturation;0.3376150555146251;56.64477550440466;28.663559062787545;10;PinkFong
0;Hue;2.6743205799743266;286.4000063380052;119.0897928015425;11;PinkFong
1;Lightness;0.4343986821898079;60.52816091426824;17.574279118822144;11;PinkFong
2;Saturation;0.5706633785135763;61.17459107645657;24.599458891334848;11;PinkFong
0;Hue;1.021466090989979;119.39205604966249;135.66885007059528;12;PinkFong
1;Lightness;0.22014472943224273;61.54591542678152;12.714215431982522;12;PinkFong
2;Saturation;0.27509071827164283;61.04083545482927;18.657781435602644;12;PinkFong
0;Hue;0.9379402660946881;236.2577331266205;127.70134347381874;13;PinkFong
1;Lightness;0.17514730646313303;48.776495501975376;23.829022769154598;13;PinkFong
2;Saturation;0.16549994525861383;62.427798271674426;18.714195478328325;13;PinkFong
0;Hue;2.1973686298061654;304.09077324965534;117.37097615276745;14;PinkFong
1;Lightness;0.4057493456622661;57.80420364145658;22.788655431027724;14;PinkFong
2;Saturation;0.4304667163390202;38.6710072319837;26.418823079218964;14;PinkFong
0;Hue;1.3954233976387707;321.29634709321437;107.8187983829865;15;PinkFong
1;Lightness;0.24563114287860746;58.131808256216296;19.8031363805605;15;PinkFong
2;Saturation;0.3074402481299033;60.82571986802929;20.482648901702667;15;PinkFong
0;Hue;0.9634437443159677;120.29428505149156;111.20339076588724;16;PinkFong
1;Lightness;0.24171173430612564;64.6178349066459;14.252967283803642;16;PinkFong
2;Saturation;0.22911401175457272;58.564877395582066;19.012811919504017;16;PinkFong
0;Hue;2.225767791104168;254.7488238874976;147.77954695455094;17;PinkFong
1;Lightness;0.34960413461159123;53.927916103222906;17.5842451750703;17;PinkFong
2;Saturation;0.4383821584972015;57.64692723687176;24.199888576976818;17;PinkFong
0;Hue;0.9174634333279429;432.51203430555626;33.994167398188154;18;PinkFong
1;Lightness;0.23359858509105183;81.19022177989628;11.070396994089304;18;PinkFong
2;Saturation;0.14325187999475975;89.09988357515758;5.39079852136322;18;PinkFong
0;Hue;1.8330704724195912;316.2772621224712;104.3362170651126;19;PinkFong
1;Lightness;0.2543235008566533;60.76268945763212;13.538216016588661;19;PinkFong
2;Saturation;0.3435920140871882;50.81306115496429;19.39757681760789;19;PinkFong
0;Hue;3.0033644192566005;303.1652228729721;131.0859674952381;20;PinkFong
1;Lightness;0.37814426275925533;58.69495197458269;19.16991884020922;20;PinkFong
2;Saturation;0.584758632406031;50.88098988826855;29.04783453504344;20;PinkFong
0;Hue;1.2484693748883189;272.4613242801891;70.51642662869227;1;SuperSimpleSongs
1;Lightness;0.2521863514265091;53.24815627125662;13.705827974047116;1;SuperSimpleSongs
2;Saturation;0.25135492917746466;52.84771761156952;11.239342406469866;1;SuperSimpleSongs
0;Hue;1.8811647320470908;323.09210376985004;35.68978168596837;2;SuperSimpleSongs
1;Lightness;0.2660005148104532;59.201602117749985;6.321124513067111;2;SuperSimpleSongs
2;Saturation;0.1930492351847203;59.61480433328187;6.284200034515187;2;SuperSimpleSongs
0;Hue;0.7323682436763169;178.80714882604397;78.94379191213974;3;SuperSimpleSongs
1;Lightness;0.08707874583339381;20.75354369927547;7.630768611176522;3;SuperSimpleSongs
2;Saturation;0.10842391257020943;17.349727241069097;5.93487433535558;3;SuperSimpleSongs
0;Hue;1.525188839760679;309.91722354996654;95.53089165199039;4;SuperSimpleSongs
1;Lightness;0.19456114495037696;65.29091992202285;7.456199818169282;4;SuperSimpleSongs
2;Saturation;0.22024591444108432;56.87417205125294;8.194127779259109;4;SuperSimpleSongs
0;Hue;1.5471239591212946;314.4116596570875;141.0771596484131;5;SuperSimpleSongs
1;Lightness;0.242715147716261;71.08184606906687;19.071822976007507;5;SuperSimpleSongs
2;Saturation;0.16462420161891686;83.11050739796286;10.103143498031901;5;SuperSimpleSongs
0;Hue;1.687141527395312;211.42183057544025;60.72815142337664;6;SuperSimpleSongs
1;Lightness;0.2832533359847213;62.547912754624456;11.364146391601336;6;SuperSimpleSongs
2;Saturation;0.2029134777511259;68.6411337177034;7.757721945936092;6;SuperSimpleSongs
0;Hue;1.8102943382442227;219.5762884559815;64.5913292134949;7;SuperSimpleSongs
1;Lightness;0.3459676947840389;63.32952403791977;12.285960463692717;7;SuperSimpleSongs
2;Saturation;0.2831699968652811;50.59148426583277;9.941961962654359;7;SuperSimpleSongs
0;Hue;3.3634050022120023;302.5212074582377;136.63999247869907;8;SuperSimpleSongs
1;Lightness;0.3060163860101027;66.53683802670004;18.363218267416453;8;SuperSimpleSongs
2;Saturation;0.3327877963544739;57.02987809280832;15.745945394001591;8;SuperSimpleSongs
0;Hue;1.7524441804153235;344.1811446016272;108.65810693903632;9;SuperSimpleSongs
1;Lightness;0.33235970509003265;66.35999655622402;27.388226807636098;9;SuperSimpleSongs
2;Saturation;0.22975847574248767;78.4362765193681;16.922364722620514;9;SuperSimpleSongs
0;Hue;0.4314117623669284;123.85080452071999;57.913226631374705;10;SuperSimpleSongs
1;Lightness;0.07686332795626101;20.542563087352985;10.510465375438304;10;SuperSimpleSongs
2;Saturation;0.09201560582365666;26.741298689253853;7.653812598624783;10;SuperSimpleSongs
0;Hue;0.7245712180612907;421.2693346305944;49.05977547383866;11;SuperSimpleSongs
1;Lightness;0.11648645670332589;86.95196942057723;5.418638168853827;11;SuperSimpleSongs
2;Saturation;0.12679336462947868;85.84004241756627;9.520419146530298;11;SuperSimpleSongs
0;Hue;0.9541652128600688;206.27442903719427;82.91177881640795;12;SuperSimpleSongs
1;Lightness;0.18963152566883584;31.478936600881944;15.987397079704818;12;SuperSimpleSongs
2;Saturation;0.23348514312449492;33.305944540123576;17.125075390225053;12;SuperSimpleSongs
0;Hue;0.36725425082678637;395.27659108336076;37.50462758929438;13;SuperSimpleSongs
1;Lightness;0.0499699471767783;83.93500698022129;3.6589389991222037;13;SuperSimpleSongs
2;Saturation;0.04566338444706563;84.13894602930498;5.444838384072637;13;SuperSimpleSongs
0;Hue;0.948055697024814;272.1126387125998;52.91380490801497;14;SuperSimpleSongs
1;Lightness;0.16266144550843584;50.216861616835054;12.936088857254248;14;SuperSimpleSongs
2;Saturation;0.11677244642042862;46.71047935221749;9.69045692164731;14;SuperSimpleSongs
0;Hue;1.3429036557404956;203.65302140589205;82.9733835245968;15;SuperSimpleSongs
1;Lightness;0.1902233290533773;70.28121660789017;8.426889455722602;15;SuperSimpleSongs
2;Saturation;0.270941289348553;63.78175805708374;13.540633422875269;15;SuperSimpleSongs
0;Hue;0.650991266812502;402.20368087169305;46.29729515852978;16;SuperSimpleSongs
1;Lightness;0.10052358182181671;86.5006730945822;5.691231039408329;16;SuperSimpleSongs
2;Saturation;0.10207441146753543;88.21093156160536;7.860658365873206;16;SuperSimpleSongs
0;Hue;1.1647556255080689;275.4937712955208;78.34202441303677;17;SuperSimpleSongs
1;Lightness;0.24519678666100073;59.52585559780996;16.01665431757017;17;SuperSimpleSongs
2;Saturation;0.23555471917008972;63.6966628098282;14.688266265243112;17;SuperSimpleSongs
0;Hue;0.5754133226676301;322.18672528181264;53.59200679045817;18;SuperSimpleSongs
1;Lightness;0.10076293981795947;78.58458151674431;3.3295674222107547;18;SuperSimpleSongs
2;Saturation;0.1895951093601414;74.62034916538768;7.606999718074911;18;SuperSimpleSongs
0;Hue;0.6346668066872931;418.85212302963595;32.54840800580985;19;SuperSimpleSongs
1;Lightness;0.10232201254804758;84.49585693806642;5.716130770948498;19;SuperSimpleSongs
2;Saturation;0.08995171958475608;87.33475601558261;7.776027803878678;19;SuperSimpleSongs
0;Hue;1.128779658798209;173.7411735744182;50.43781971823566;20;SuperSimpleSongs
1;Lightness;0.22173502159880729;47.88313685860196;7.622265845065785;20;SuperSimpleSongs
2;Saturation;0.21126866754052867;61.55344932313762;6.890908398787329;20;SuperSimpleSongs
