frame_number;scene_change_boolean;all_frames;half_half_second;half_second;per_second;two_seconds
0;0;;;;;
1;0;5.012591998951568;;;;
2;0;2.887668794642337;;;;
3;0;4.4994315157320965;;;;
4;0;3.448948833497028;;;;
5;0;4.961201654034317;;;;
6;0;5.050447393448482;11.0380536803489;;;
7;0;7.251917489094731;;;;
8;0;6.995113161333972;;;;
9;0;5.652877184074679;;;;
10;0;6.098737847660874;;;;
11;0;7.7128972989863875;;;;
12;0;8.394347365615928;11.654641446908805;12.548936407305838;;
13;0;5.703913496460642;;;;
14;0;7.572885122955224;;;;
15;0;7.361991631534864;;;;
16;0;6.681026944311177;;;;
17;0;6.613712946703982;;;;
18;0;4.53931685536469;17.24008528155345;;;
19;0;5.662513526499024;;;;
20;0;6.124469278561448;;;;
21;0;6.897771106236763;;;;
22;0;7.26596451541024;;;;
23;0;7.194850230852267;;;;
24;0;7.5248186179011;13.997198484576371;17.75922052030193;;
25;0;5.498895232664057;;;21.483724049873864;
26;0;7.681386383533931;;;;
27;0;9.088897229406216;;;;
28;0;9.281042970611313;;;;
29;0;6.964232641195277;;;;
30;0;6.021241396712559;15.986652762811808;;;
31;0;7.679457096277876;;;;
32;0;9.49155634339181;;;;
33;0;8.980537303188003;;;;
34;0;6.113257879068688;;;;
35;0;7.988040650174611;;;;
36;0;7.650457087246266;16.639232946236017;12.986784935352233;;
37;0;6.05369486260493;;;;
38;0;4.427388611591363;;;;
39;0;7.053528817239827;;;;
40;0;7.487842464749314;;;;
41;0;6.8346639956586515;;;;
42;0;5.971113087344999;12.013351608834064;;;
43;0;7.6299334559792875;;;;
44;0;7.711182000335577;;;;
45;0;5.488786691489217;;;;
46;0;5.630327793310402;;;;
47;0;7.561275619215054;;;;
48;0;7.389941164853902;9.613249194490388;14.976691331069867;;
49;0;31.585297246746958;;;;
50;0;31.785223228250146;;;39.465085962589704;36.94150618282157
51;0;29.81955378922856;;;;
52;0;21.60001548729333;;;;
53;0;13.82780252129673;;;;
54;0;14.385085728075564;46.98144381739926;;;
55;0;8.231587850459018;;;;
56;0;4.526516775736857;;;;
57;0;1.4931926288130375;;;;
58;0;0.023778350777463;;;;
59;0;1.3281043794203555;;;;
60;0;2.0024147988321546;9.935375088795249;48.16212001367046;;
61;0;0.6370094840275023;;;;
62;0;0.5742086030702799;;;;
63;0;0.005054247480900603;;;;
64;0;0.017840766729136044;;;;
65;0;0.0037899494936611674;;;;
66;0;0.0017828427124746192;1.1699660524741513;;;
67;0;0.002106449510224598;;;;
68;0;0.0005414213562373094;;;;
69;0;0.0030739356189571692;;;;
70;0;0.000282842712474619;;;;
71;0;0.0;;;;
72;0;0.0006;0.006407519544972753;1.1737087273286453;;
73;0;0.0;;;;
74;0;0.0;;;;
75;0;0.001182842712474619;;;41.6796167306691;
76;0;0.0;;;;
77;0;0.0;;;;
78;0;0.0006146264369941973;0.0017974691494688166;;;
79;0;0.0;;;;
80;0;0.0;;;;
81;0;0.0;;;;
82;0;0.0;;;;
83;0;0.0;;;;
84;0;0.0001;0.0001;0.0018974691494688166;;
85;0;0.0;;;;
86;0;0.0;;;;
87;0;0.0;;;;
88;0;0.0;;;;
89;1;113.31130852549454;;;;
90;0;0.12594909940591417;113.22646023112492;;;
91;0;1.4364263722750508;;;;
92;0;3.385700502657008;;;;
93;0;3.1863370629490393;;;;
94;0;3.0244618429854135;;;;
95;0;3.205962662227528;;;;
96;0;2.2494378276821827;8.429699081387659;107.5958465137321;;
97;0;6.839944576881557;;;;
98;0;8.733358480727377;;;;
99;0;5.172162183451419;;;;
100;0;3.922708300552231;;;108.08789791389913;123.97725848450386
101;0;4.108279670099547;;;;
102;0;2.7569397376132874;16.32208708285546;;;
103;0;7.5148287988150875;;;;
104;0;8.376053069543694;;;;
105;0;5.58537357495594;;;;
106;0;0.015461647026083736;;;;
107;0;8.50222957943075;;;;
108;0;4.862884537223871;16.444366609014683;16.749484627318008;;
109;0;0.38505507031740205;;;;
110;0;0.0079942221864546;;;;
111;0;5.301355183121316;;;;
112;0;0.3613022240248735;;;;
113;0;11.561982787104007;;;;
114;0;1.8812216080140909;13.823914374830562;;;
115;0;9.311409107034555;;;;
116;0;7.603288500226008;;;;
117;0;13.827853051095296;;;;
118;0;16.13894550034555;;;;
119;0;17.20913903427349;;;;
120;0;16.319714224270342;15.724935495018316;14.58858709738036;;
121;0;12.189388767444838;;;;
122;0;0.007608635214423286;;;;
123;0;12.775019578077796;;;;
124;0;0.008962351029596975;;;;
125;0;8.083207847712094;;;13.79393128543208;
126;0;3.999284990688059;17.223410175647356;;;
127;0;3.9641005622420424;;;;
128;0;1.591085147396118;;;;
129;0;1.5699595006444396;;;;
130;0;0.4199073177954506;;;;
131;0;0.7370832417478725;;;;
132;0;4.716024468594477;9.51369724606243;18.933231916113172;;
133;0;6.0734768508786905;;;;
134;0;5.1494192466779865;;;;
135;0;5.130017427275861;;;;
136;0;7.534508226220781;;;;
137;0;5.571851529497028;;;;
138;0;8.618826383617492;21.140488442142207;;;
139;0;7.082229958857798;;;;
140;0;7.12512257632659;;;;
141;0;10.979730705569267;;;;
142;0;11.611730221327198;;;;
143;0;12.124631300476077;;;;
144;0;11.727415620633293;32.354995849583396;23.521165196169115;;
145;0;10.096055242190202;;;;
146;0;7.522075618889246;;;;
147;0;10.399720967734913;;;;
148;0;1.3240362512946466;;;;
149;0;3.794372839399039;;;;
150;0;1.8029850162750776;20.76305854437451;;23.127914648748156;24.320843386296733
151;0;11.245994169263783;;;;
152;0;12.528509562312326;;;;
153;0;6.442068921950896;;;;
154;0;4.328794360263742;;;;
155;0;3.4184318192554173;;;;
156;0;4.974631012561992;21.301657156422543;20.698728191081653;;
157;0;3.170867653528471;;;;
158;0;4.178561762487674;;;;
159;0;3.1316818936489854;;;;
160;0;3.3058753725317125;;;;
161;0;0.7346657437563989;;;;
162;0;3.62870293200366;10.754461602676361;;;
163;0;0.23365285523915763;;;;
164;0;5.3144579101134;;;;
165;0;3.9579088304537624;;;;
166;0;0.7182918597555789;;;;
167;0;2.7178659815655872;;;;
168;0;0.005803224471395849;7.917696299943433;7.280823295498104;;
169;1;96.09155237439529;;;;
170;0;9.92686047941118;;;;
171;0;14.065614418701447;;;;
172;0;17.356429982112264;;;;
173;0;18.91771652244186;;;;
174;0;14.053364141620795;100.31588106121211;;;
175;0;13.12747379944266;;;97.46306151815449;
176;0;12.41322417849824;;;;
177;0;12.456944856228821;;;;
178;0;11.162373719134864;;;;
179;0;11.545229559433439;;;;
180;0;9.555682109115672;33.619197098033666;102.19975289487734;;
181;0;14.096672807074327;;;;
182;0;12.146258367461275;;;;
183;0;9.086379994435873;;;;
184;0;8.841606966999485;;;;
185;0;6.8598065244817334;;;;
186;0;6.6622925522988705;26.82357799023573;;;
187;0;6.409424790853884;;;;
188;0;7.154129383541592;;;;
189;0;10.684951346141503;;;;
190;0;8.50865138895749;;;;
191;0;10.899152311256175;;;;
192;0;11.782233917349007;19.64778592360469;35.75874725482797;;
193;0;8.539754979310294;;;;
194;0;8.242070189543638;;;;
195;0;6.79150453437478;;;;
196;0;5.916217812193692;;;;
197;0;7.759527246596644;;;;
198;0;7.661376314765544;21.250499861874047;;;
199;0;6.9581625070130135;;;;
200;0;6.867866597049905;;;44.32524319413746;99.5182273321338
201;0;11.326469660714036;;;;
202;0;9.50502916548917;;;;
203;0;7.584660673321134;;;;
204;0;9.061272622084566;22.230207156511515;28.38537496752547;;
205;0;5.812086994763652;;;;
206;0;5.517240231762908;;;;
207;0;5.836116149819039;;;;
208;0;6.620563098388418;;;;
209;0;7.410157323127879;;;;
210;0;7.43168049835346;21.179281955787943;;;
211;0;8.60170839142678;;;;
212;0;7.377848659584978;;;;
213;0;6.011471316274847;;;;
214;0;5.2307505902548375;;;;
215;0;4.645334767212229;;;;
216;0;7.101623721138683;19.688884363064314;24.198353674259824;;
217;0;7.672490587460221;;;;
218;0;6.031488310987624;;;;
219;0;6.407957584499679;;;;
220;0;7.037938296795389;;;;
221;0;5.946147100779208;;;;
222;0;6.746303655686091;17.12350770768209;;;
223;0;5.981444702206707;;;;
224;0;5.625484564754444;;;;
225;0;9.086464642883568;;;29.93260878777801;
226;0;6.341533025093151;;;;
227;0;7.45923603359122;;;;
228;0;7.551609173911439;18.185189704600234;24.68744944218882;;
229;0;7.985018967053383;;;;
230;0;6.812853626084839;;;;
231;0;6.629335611239985;;;;
232;0;5.39585259996287;;;;
233;0;5.2551050700269215;;;;
234;0;7.237194862104149;19.73085773804698;;;
235;0;7.743824312351183;;;;
236;0;5.346790527218308;;;;
237;0;4.561435650354339;;;;
238;0;5.262519792497245;;;;
239;0;4.48800160398816;;;;
240;0;5.142293838910332;14.259287246733072;23.050469490857967;;
241;0;4.786469559670108;;;;
242;0;4.807400501018594;;;;
243;0;7.025394767258908;;;;
244;0;8.114750771133856;;;;
245;0;8.143466398723819;;;;
246;0;8.027912648797015;17.10365607245114;;;
247;0;8.420105404499612;;;;
248;0;7.202506006006305;;;;
249;0;8.048185966381789;;;;
250;0;9.95218379229163;;;21.920998817623552;34.44566274621155
251;0;6.613980759761606;;;;
252;0;7.256161996096659;20.043511062119055;23.33340743366041;;
253;0;7.147034076403681;;;;
254;0;5.001688657895493;;;;
255;0;5.080125960306454;;;;
256;0;7.215250464145985;;;;
257;0;5.860851653364366;;;;
258;0;4.841298166782074;17.312142850794974;;;
259;0;4.980202381968252;;;;
260;0;6.553019569158707;;;;
261;0;11.044179189393509;;;;
262;0;10.031362265092353;;;;
263;0;9.153518718810222;;;;
264;0;7.497298042979955;23.97519586575456;30.49963660544394;;
265;0;11.55368466376764;;;;
266;0;8.094590300290568;;;;
267;0;5.129396154418416;;;;
268;0;0.35150449014944996;;;;
269;0;6.037233932102894;;;;
270;0;1.289052743002035;22.927859076844186;;;
271;0;4.473755155682337;;;;
272;0;7.770069546177097;;;;
273;0;1.9462369910224298;;;;
274;0;4.251058477175709;;;;
275;0;0.7339076157419075;;;43.1181466278531;
276;0;1.6336133391748513;15.598295474708925;17.67090588050324;;
277;0;0.1325335606666788;;;;
278;0;2.6119520421438094;;;;
279;0;0.11458931316668061;;;;
280;0;1.2401445932466375;;;;
281;0;0.1446303005612116;;;;
282;0;0.570390174785431;3.209909841506231;;;
283;0;0.09927558421874882;;;;
284;0;2.0746944780539085;;;;
285;0;0.1387449749614341;;;;
286;0;0.6236902298526698;;;;
287;0;0.18607894033268005;;;;
288;0;0.0050842305216368495;2.358733502323485;1.8039499533367844;;
289;0;0.03281869776073671;;;;
290;0;0.0060100959193714176;;;;
291;0;0.0009146264369941971;;;;
292;0;0.0023300563079745773;;;;
293;0;0.017755123839585885;;;;
294;0;0.0008732050807568877;0.03909247550674326;;;
295;0;0.0011732050807568876;;;;
296;0;0.0011974691494688165;;;;
297;0;0.0025974691494688165;;;;
298;0;2.0998203828639106;;;;
299;0;0.00637320496992199;;;;
300;0;1.0920036725454914;2.5747927984483634;2.6030361873447148;4.760117087237104;43.89523450476633
301;0;0.010275392320752606;;;;
302;0;7.433239128887633;;;;
303;0;0.006953516942700322;;;;
304;0;5.0837884043876995;;;;
305;0;0.014029388154119127;;;;
306;0;2.4457608681802716;9.76242431151026;;;
307;0;0.007433078229203339;;;;
308;0;15.115225050460117;;;;
309;0;0.019634069763604295;;;;
310;0;22.885292240042414;;;;
311;0;1.2737557737276977;;;;
312;0;30.43683865203135;36.97767966833381;39.46709418469069;;
313;1;71.81981868900748;;;;
314;0;0.0265791412269863;;;;
315;0;0.015596393836388469;;;;
316;0;0.24592419596923656;;;;
317;0;0.0054525874211917786;;;;
318;0;1.326478138706107;71.30374928254285;;;
319;0;0.005938817127632897;;;;
320;0;1.0685880772237852;;;;
321;0;0.006301727305710104;;;;
322;0;0.9115613899834377;;;;
323;0;0.00506096370272207;;;;
324;0;2.691272704562331;3.3080270145025046;71.4652903543016;;
325;0;1.8372098782646724;;;78.44954439688304;
326;0;5.1394928943588285;;;;
327;0;5.307083596552198;;;;
328;0;9.821853000280056;;;;
329;0;11.851057813152083;;;;
330;0;14.908365426716829;12.998443907087001;;;
331;0;13.5515417734575;;;;
332;0;12.72757171875326;;;;
333;0;6.400931286054514;;;;
334;0;10.622143415027315;;;;
335;0;5.187337971005289;;;;
336;0;9.620343257066596;20.060630151917426;12.276053907545867;;
337;0;1.730288305924398;;;;
338;0;13.376251846506662;;;;
339;0;2.8286488667711263;;;;
340;0;5.403144139457984;;;;
341;0;2.0306585588181494;;;;
342;0;8.121611837384012;16.10145506031249;;;
343;0;3.1280040488006446;;;;
344;0;10.268321686969784;;;;
345;0;6.104202472574019;;;;
346;0;7.245291409884105;;;;
347;0;3.5558967809337796;;;;
348;0;14.738735230919323;20.59289988193948;20.606805531700047;;
349;0;0.025510764401026113;;;;
350;0;15.906435065670015;;;16.390047528618567;84.70113025739907
351;0;0.027327328888975513;;;;
352;0;15.088322597153212;;;;
353;0;2.6269617584714604;;;;
354;0;14.301382705101322;24.48038346577389;;;
355;0;0.594282217734558;;;;
356;0;6.142070622420178;;;;
357;0;2.044130362198036;;;;
358;0;8.727773877169978;;;;
359;0;0.8670322409264632;;;;
360;0;9.307307024245608;18.660843274442964;26.586663795926682;;
361;0;10.87785367917353;;;;
362;0;0.6105140516660583;;;;
363;0;2.195883416830428;;;;
364;0;7.359427671499396;;;;
365;0;5.625526783323602;;;;
366;0;0.9063077802589445;15.331202738139769;;;
367;0;4.699732784981008;;;;
368;0;3.306103897392222;;;;
369;0;2.1697192093548145;;;;
370;0;0.5437396540054323;;;;
371;0;3.342571129663147;;;;
372;0;0.4830529448837524;10.81316146116762;18.579708746835312;;
373;0;2.0825789427318013;;;;
374;0;0.40812937021366913;;;;
375;0;0.23289911351849363;;;24.325595998467776;
376;0;1.2791475740947407;;;;
377;0;0.012798126791883193;;;;
378;0;1.5769234389049454;3.3530830353452963;;;
379;0;0.09519910043374068;;;;
380;0;0.4629750333024841;;;;
381;0;0.001587367098025452;;;;
382;1;74.48988967368788;;;;
383;0;0.7094395461152184;;;;
384;0;0.7958681283196165;74.30038360485115;73.87542525943702;;
385;0;0.6119011834418647;;;;
386;0;0.7479359807960819;;;;
387;0;0.8694522347234711;;;;
388;0;1.0769814081315756;;;;
389;0;0.8552380648513528;;;;
390;0;1.051180842495187;3.9792563397454623;;;
391;0;0.7484498970764958;;;;
392;0;0.9139528902096623;;;;
393;0;1.1923252102056678;;;;
394;0;1.033756230739726;;;;
395;0;0.8752654930190372;;;;
396;0;1.0539245401551047;4.7161872896193096;7.821721773823818;;
397;0;0.7621555459212195;;;;
398;0;0.9602847664409384;;;;
399;0;1.0435050883632933;;;;
400;0;0.7600737244785662;;;73.45188424162107;76.49636922527854
401;0;0.9327742903316429;;;;
402;0;0.8773426522619442;4.3228834917731005;;;
403;0;0.9183643436278027;;;;
404;0;0.7753508426311011;;;;
405;0;0.9114029989799161;;;;
406;0;1.1244138159156767;;;;
407;0;0.6231884584191022;;;;
408;0;0.7038011067856789;3.7878700361370843;7.220583677513851;;
409;0;0.807857536314767;;;;
410;0;0.5730896288694602;;;;
411;0;0.6858038864110558;;;;
412;0;0.7665953814918124;;;;
413;0;0.7492979689284552;;;;
414;0;0.7023374799399764;3.576875796481694;;;
415;0;0.8233753356178837;;;;
416;0;0.5890848709149019;;;;
417;0;0.6182629496923836;;;;
418;0;0.693079052161116;;;;
419;0;0.5448776119117621;;;;
420;0;0.6115084854694675;3.265398718457122;6.370807989544343;;
421;0;0.7330242382413839;;;;
422;0;0.5629178925192232;;;;
423;0;0.6676640063248986;;;;
424;0;0.8075094519078624;;;;
425;0;0.5416848967609336;;;11.98066010550731;
426;0;0.6231999899290422;3.3219977368287945;;;
427;0;0.789202037165843;;;;
428;0;0.5557770315716238;;;;
429;0;0.6445772351786304;;;;
430;0;0.7611056526235324;;;;
431;0;0.5494533566380129;;;;
432;0;0.6090970215019174;3.334947248744103;6.267175581981446;;
433;0;0.7603319802643286;;;;
434;0;0.540086043575572;;;;
435;0;0.630213354814928;;;;
436;0;0.7529978700462376;;;;
437;0;0.5539394748680319;;;;
438;1;76.79087350307867;76.81423030798835;;;
439;0;0.02518680791598;;;;
440;0;0.03269781289348359;;;;
441;0;0.33292944599445407;;;;
442;0;0.0377919467938604;;;;
443;0;0.32817423277285784;;;;
444;0;0.033536253516016246;0.69761925379953;76.83120262205678;;
445;0;2.1077090163361936;;;;
446;0;0.036973793221112536;;;;
447;0;2.0327987119757887;;;;
448;0;0.05054791002028437;;;;
449;0;6.922392290477587;;;;
450;0;0.036747429590506336;8.776672230225696;;77.13107473694859;77.30585282893443
451;0;4.092201091498603;;;;
452;0;0.05039494232473477;;;;
453;0;1.8647498862876106;;;;
454;0;0.04901032027915818;;;;
455;0;2.323834316314923;;;;
456;0;0.021373698919943375;5.472217118970896;9.798169331721065;;
457;0;1.4142858421612872;;;;
458;0;0.006651657899683235;;;;
459;0;0.3870168929654674;;;;
460;0;0.026078072838870054;;;;
461;0;0.2643554336098652;;;;
462;0;0.045323699048777345;1.5549548141868699;;;
463;0;0.8295114440730776;;;;
464;0;0.02089251024178603;;;;
465;0;0.3839683601303714;;;;
466;0;0.015563885484070764;;;;
467;0;0.22183183080623256;;;;
468;0;0.024483280702956644;1.266759231881088;1.1644112022871551;;
469;0;0.05057887471602046;;;;
470;0;0.023197103223677344;;;;
471;0;0.04410100169746902;;;;
472;0;0.052263344748157206;;;;
473;0;3.2854081991263455;;;;
474;0;0.03381754473454861;3.4270376627471792;;;
475;0;2.8274286208644406;;;6.618834232287397;
476;0;0.0352528114095261;;;;
477;0;1.2018922884849998;;;;
478;0;2.7820266196271275;;;;
479;0;0.6390720193316769;;;;
480;0;1.1649969092471317;6.6487094082340015;7.874443602571204;;
481;0;4.158419849887401;;;;
482;0;2.00114865359851;;;;
483;0;5.624288024404518;;;;
484;0;0.572556742670995;;;;
485;0;6.868063923275082;;;;
486;0;0.47933465721594337;11.77466336001355;;;
487;0;3.135656342198181;;;;
488;0;0.14860118372713957;;;;
489;0;2.740604569827375;;;;
490;0;0.09745321462548343;;;;
491;0;0.9264365832711657;;;;
492;0;0.10410390260978247;4.635448310641005;12.315067686963854;;
493;0;4.422148656451734;;;;
494;0;0.05673922893304679;;;;
495;0;8.268881755681846;;;;
496;0;0.023979921009773496;;;;
497;0;4.732376831275529;;;;
498;0;0.007157044560741332;9.752002436145021;;;
499;0;4.898680279822005;;;;
500;0;0.04657106279415091;;;10.58516846951572;10.524731010573356
501;0;3.5191775354615857;;;;
502;0;0.9435972693381928;;;;
503;0;0.3360301480858673;;;;
504;0;1.7708341127056486;6.646978665935439;11.085862769684061;;
505;0;0.40348489919520153;;;;
506;0;0.07151128811784521;;;;
507;0;0.9845808137794873;;;;
508;0;0.26820968224113195;;;;
509;0;0.013918591191777472;;;;
510;0;3.4989335197806772;3.127250290453219;;;
511;0;1.0957479460483186;;;;
512;0;5.4195174263933446;;;;
513;0;0.20189580695985387;;;;
514;0;7.4457987644911405;;;;
515;0;7.1576790162120725;;;;
516;0;1.666370169868103;14.432054681129555;14.822502086378762;;
517;0;15.625697032799229;;;;
518;0;0.8923726235682018;;;;
519;0;17.175723032593385;;;;
520;0;0.15628720616457037;;;;
521;0;14.5005233776885;;;;
522;0;7.120268174078965;18.563732426815918;;;
523;0;5.838098787893443;;;;
524;0;5.052286583761585;;;;
525;0;3.1494188761225934;;;14.219151295881904;
526;0;2.559204414499848;;;;
527;0;0.6041386182810917;;;;
528;0;0.37649611133333033;8.175602575525666;12.315837626117222;;
529;0;0.05176437539478541;;;;
530;0;2.560334912100582;;;;
531;0;2.964755549591261;;;;
532;0;0.02491226065371755;;;;
533;0;2.270307737997903;;;;
534;0;2.876753804644596;7.253243312790901;;;
535;0;2.134825331186417;;;;
536;0;0.8542745877716554;;;;
537;0;1.1271574030141898;;;;
538;0;3.3996625717727786;;;;
539;0;5.531235173122673;;;;
540;0;0.023646762277892735;9.341235471870089;11.011244143303156;;
541;0;3.598498373213926;;;;
542;0;0.011187506183884394;;;;
543;0;3.0197563633659823;;;;
544;0;0.0911768093592428;;;;
545;0;2.8329774228490163;;;;
546;0;0.01712345603845083;6.64230736492534;;;
547;0;5.753455891365527;;;;
548;0;0.033611003736759126;;;;
549;0;7.72589923825523;;;;
550;0;3.634239831884757;;;16.669720419736432;21.623332337275396
551;0;6.769857363037572;;;;
552;0;0.08306190332489821;13.566215481301231;14.636132591639832;;
553;0;10.41131314834859;;;;
554;0;0.020587965990135532;;;;
555;0;10.585512588070948;;;;
556;0;0.033293403374206366;;;;
557;0;9.43382410459363;;;;
558;0;6.723471015813354;18.415637461758717;;;
559;0;5.452015529490219;;;;
560;0;4.639516793115904;;;;
561;0;2.9752160898518456;;;;
562;0;1.6328661152045891;;;;
563;0;0.24154296052453164;;;;
564;0;0.05804173605980193;6.845068096422857;12.351554815212419;;
565;0;0.031888285807637695;;;;
566;0;0.05253093101375918;;;;
567;0;1.3929535432373603;;;;
568;0;0.049366251139214;;;;
569;0;0.5928726509392038;;;;
570;0;0.03857512238852364;1.8647308146529535;;;
571;0;0.3345371504009756;;;;
572;0;0.00939698337906181;;;;
573;0;0.06424430941461655;;;;
574;0;0.014360624095339296;;;;
575;0;0.03108716785287666;;;11.562089518377308;
576;0;0.05546446780295933;0.42307954563708117;2.084287042619418;;
577;0;0.36252182061597843;;;;
578;0;0.06462199671452803;;;;
579;0;0.6468320596884908;;;;
580;0;0.035379512193136856;;;;
581;0;0.5100201260553786;;;;
582;0;0.011725239003253052;1.0607344700120778;;;
583;0;0.28380901736894987;;;;
584;0;0.04454393013582673;;;;
585;0;0.10099949284385877;;;;
586;0;0.01799608473403371;;;;
587;0;0.10536125283911651;;;;
588;0;0.007711682711841909;0.27615597700996275;1.1893775379169738;;
589;0;0.11621464841640336;;;;
590;0;0.04046736532218682;;;;
591;0;0.05783470437332731;;;;
592;0;0.04430566803376405;;;;
593;0;0.12873651613083015;;;;
594;0;0.007983500354888996;0.15375637549671484;;;
595;0;0.07475156052278799;;;;
596;0;0.002607106781186548;;;;
597;0;0.052470206850485514;;;;
598;0;0.046286295439289846;;;;
599;0;2.8425750352692543;;;;
600;0;2.0235723551021128;3.7650244996058326;3.8407537402720577;4.163680485459017;11.354928329359113
601;0;1.90608226779826;;;;
602;0;1.9720497292086479;;;;
603;0;1.9298775046525578;;;;
604;0;1.859694105011837;;;;
605;0;2.108051251665595;;;;
606;0;2.8044305875340285;6.20640574270179;;;
607;0;2.7984397200054523;;;;
608;0;1.999267629134018;;;;
609;0;1.8172667004225473;;;;
610;0;2.087427244750488;;;;
611;0;2.0817033654402386;;;;
612;0;2.2029646898725845;6.510842840363512;10.672750659395925;;
613;0;2.4306051566555995;;;;
614;0;2.174552444735627;;;;
615;0;2.2548837827611967;;;;
616;0;2.2008183190682997;;;;
617;0;2.0883899124407326;;;;
618;0;2.115297493378173;6.526685291886586;;;
619;0;2.1517382171015695;;;;
620;0;2.2890883112159925;;;;
621;0;2.339361500436893;;;;
622;0;2.646000898204229;;;;
623;0;2.9408022081920455;;;;
624;0;2.8192948334459755;7.89370549323179;11.531745762141737;;
625;0;2.777509353275341;;;12.954666506271582;
626;0;2.8238621514574183;;;;
627;0;2.774333615721289;;;;
628;0;0.030042517099968625;;;;
629;0;3.1862665842897266;;;;
630;0;0.012455328576558853;7.254141083966172;;;
631;0;3.9284336468598027;;;;
632;0;0.025003553216189273;;;;
633;0;3.256443691346214;;;;
634;0;0.020627377893550645;;;;
635;0;1.664454334746841;;;;
636;0;0.05914518577061797;5.678550345625457;10.175833215136128;;
637;0;0.5220612721825846;;;;
638;0;0.031088247675264444;;;;
639;0;1.1659944480321478;;;;
640;0;0.03858744413044336;;;;
641;0;0.5763229669192913;;;;
642;0;0.017300975305993557;1.8828185491214935;;;
643;0;0.30841082208878073;;;;
644;0;0.047608853924425446;;;;
645;0;0.0442413739477648;;;;
646;0;1.429041994164958;;;;
647;0;0.0345014863030964;;;;
648;0;0.5357291875774052;2.033939851102403;3.110414171507707;;
649;0;0.02548978175828578;;;;
650;0;0.395640337770905;;;10.616017000460701;16.616167559923422
651;0;0.007194938298937632;;;;
652;0;0.3626436902401609;;;;
653;0;0.04429284581034096;;;;
654;0;0.006382769816688715;0.7628632858591124;;;
655;0;0.041027862215646485;;;;
656;0;0.030195501101762535;;;;
657;0;1.221155780588822;;;;
658;0;2.6510498549110686;;;;
659;0;8.897197078075196;;;;
660;0;7.905535886277402;15.43584193889655;15.625624236065708;;
661;0;8.319183301686696;;;;
662;0;7.85086156472154;;;;
663;0;7.784224958126092;;;;
664;0;8.799279456623768;;;;
665;0;9.194224201345984;;;;
666;0;10.395424231606343;25.569617360826978;;;
667;0;9.179317858088684;;;;
668;0;8.695754467204729;;;;
669;0;5.307766005102553;;;;
670;0;2.703533514430987;;;;
671;0;1.8161781466063909;;;;
672;0;1.1148505701212559;14.312342276369327;11.608492352116476;;
673;0;0.041137889412903236;;;;
674;0;0.04183718798335231;;;;
675;0;0.00725244679711727;;;9.906912760039411;
676;0;0.030819977725760225;;;;
677;0;0.05681207692555171;;;;
678;0;0.007984887792598799;0.14506712980303774;;;
679;0;0.031495376289419674;;;;
680;0;0.02382129439660337;;;;
681;0;0.03204616622223453;;;;
682;0;0.0687521575322913;;;;
683;0;0.00974599728689267;;;;
684;0;0.020364928457505347;0.1375873833207971;0.2496161236273357;;
685;0;0.007259966452924919;;;;
686;0;0.030004283272102236;;;;
687;0;0.03787642709404361;;;;
688;0;66.94581212941229;;;;
689;0;3.8411014610186176;;;;
690;0;3.235744124132117;66.87416715926767;;;
691;0;3.2631683273292094;;;;
692;0;3.820297806543471;;;;
693;0;3.9454357186137226;;;;
694;0;3.4766639893748463;;;;
695;0;4.100746155080288;;;;
696;0;4.332046575192635;7.074170129587622;64.56048259679964;;
697;0;3.9287722349219205;;;;
698;0;3.6915642963566206;;;;
699;0;4.5327260885862195;;;;
700;0;4.697663610236987;;;63.09262829292683;67.4450529764781
701;0;4.396088626501243;;;;
702;0;4.859529147408883;8.470875815200785;;;
703;0;4.601166031528316;;;;
704;0;5.190741111920685;;;;
705;0;5.344252496133948;;;;
706;0;5.99934662015389;;;;
707;0;5.705058591536479;;;;
708;0;4.895681620181763;12.548688913153399;15.835049663675331;;
709;0;5.132605900642186;;;;
710;0;5.528071137855943;;;;
711;0;5.056082014607142;;;;
712;0;4.976734213454944;;;;
713;0;4.983200070837376;;;;
714;0;5.057730737562598;14.351751234111617;;;
715;0;5.4576777770122655;;;;
716;0;5.167146603854675;;;;
717;0;5.426078894848145;;;;
718;0;5.53303775202485;;;;
719;0;5.606435831444985;;;;
720;0;5.3910308448567585;13.70601064833992;19.979674066454372;;
721;0;5.8038982019863985;;;;
722;0;5.551953184105621;;;;
723;0;5.32607699148979;;;;
724;0;5.00267537496728;;;;
725;0;5.334674811262018;;;28.71323988358293;
726;0;5.055629713088665;11.920348210318528;;;
727;0;4.592631577062875;;;;
728;0;4.980214940219026;;;;
729;0;4.790912149267305;;;;
730;0;4.142904611433616;;;;
731;0;4.180449796313169;;;;
732;1;107.86783100838586;107.43048368596115;105.63888491267487;;
733;0;16.34986991880797;;;;
734;0;2.402618455255794;;;;
735;0;0.010929106600129261;;;;
736;0;16.14427732714272;;;;
737;0;0.05521997599985075;;;;
738;0;2.5879806464924595;0.41058905857646416;;;
739;0;12.617021140907742;;;;
740;0;2.2508885723504286;;;;
741;0;0.01734134839560998;;;;
742;0;21.716650976243685;;;;
743;0;0.026571075762543944;;;;
744;0;5.643790920759128;15.322733405428872;15.401737504865435;;
745;0;9.407153814098944;;;;
746;0;32.255957458720914;;;;
747;0;43.560407350339425;;;;
748;0;0.03127735634999886;;;;
749;0;55.695813774710984;;;;
750;0;48.38377770350888;82.35465504286384;;104.03591918778471;107.53364736210078
751;0;0.0457900552481218;;;;
752;0;41.45058488113912;;;;
753;0;31.444078440416938;;;;
754;0;0.021799014549197825;;;;
755;0;3.842533834725116;;;;
756;0;4.010273006265991;53.30982202212259;89.68373938310279;;
757;0;13.330906130598352;;;;
758;0;18.78172968155488;;;;
759;0;0.020779523873618977;;;;
760;0;21.886154356864925;;;;
761;0;0.017401852870140476;;;;
762;0;8.318227436036366;35.52241182073351;;;
763;0;0.006087758621965182;;;;
764;0;0.5818894208222659;;;;
765;0;0.016784079080280435;;;;
766;0;5.377920728868738;;;;
767;0;1.7669915414954933;;;;
768;0;0.031303619418998105;6.785272669306832;37.30946366354172;;
769;0;0.5976781284301681;;;;
770;0;0.6588394982502176;;;;
771;0;4.703286297682891;;;;
772;0;9.72332977426292;;;;
773;0;4.016217694225843;;;;
774;0;2.280306064878432;13.63771254489349;;;
775;0;0.008659502515486613;;;64.55444197720297;
776;0;0.028948824199485666;;;;
777;0;2.917761068375417;;;;
778;0;0.0127568982868822;;;;
779;0;8.553051339656752;;;;
780;0;0.020259995233630965;9.672972398346626;11.800495730243053;;
781;0;4.791420439116456;;;;
782;0;0.023618477068248878;;;;
783;0;1.591959459024104;;;;
784;0;0.035336934749868314;;;;
785;0;0.620818442143797;;;;
786;0;0.003455583373505874;5.383728321454043;;;
787;0;1.2922310058455273;;;;
788;0;0.002097469149468816;;;;
789;0;0.9637658715734145;;;;
790;0;0.002224264068711928;;;;
791;0;0.46698384558968636;;;;
792;0;0.005726309148836107;1.6741380902812368;4.8279077422567855;;
793;0;0.007293645174789188;;;;
794;0;18.11343167331577;;;;
795;0;0.018495376400254563;;;;
796;0;8.046033409734992;;;;
797;0;1.2047132300784436;;;;
798;0;0.014358034885574364;22.297583454150978;;;
799;0;11.782601005121288;;;;
800;0;0.01904365565589755;;;16.894874861516485;64.13428162177364
801;0;42.621089707708194;;;;
802;0;0.03504262794800764;;;;
803;0;57.402289709198996;;;;
804;0;0.04516315432347612;67.29457701465482;65.07126775530259;;
805;0;57.117236713593066;;;;
806;0;0.0340021433337867;;;;
807;0;61.03898773912068;;;;
808;0;0.05719609488502222;;;;
809;0;56.03919689488053;;;;
810;0;0.01407827189171624;83.44312390623377;;;
811;1;107.18526607244378;;;;
812;0;4.944270287830446;;;;
813;0;6.434217800260222;;;;
814;0;7.713972342048999;;;;
815;0;7.946337416528667;;;;
816;0;7.922993535740886;105.71748196988997;104.12000032839327;;
817;0;7.845140934147504;;;;
818;0;7.560457541260785;;;;
819;0;4.716757816992916;;;;
820;0;4.946949597486272;;;;
821;0;6.111631935704098;;;;
822;0;6.178067594686308;15.250395549761842;;;
823;0;5.759738892700289;;;;
824;0;5.276353034151413;;;;
825;0;5.0289693320314175;;;91.29860042573608;
826;0;4.989968586627278;;;;
827;0;5.083259889132748;;;;
828;0;5.6901707571850375;10.124475552614031;19.43341821290747;;
829;0;5.218396422966887;;;;
830;0;5.049407583393844;;;;
831;0;4.971669306671109;;;;
832;0;5.327894607821066;;;;
833;0;5.3712718713029926;;;;
834;0;5.258442240740951;14.334600686974952;;;
835;0;5.385753142796787;;;;
836;0;5.537792101342269;;;;
837;0;5.888379131746006;;;;
838;0;5.624760814788319;;;;
839;0;5.80970873122042;;;;
840;0;5.913339331850728;15.738421839584246;20.753882517148604;;
841;0;6.046818293024401;;;;
842;0;5.488464298184032;;;;
843;0;5.875191467054443;;;;
844;0;5.890735876859432;;;;
845;0;5.609737439923727;;;;
846;0;5.546188345075204;13.767947590233101;;;
847;0;5.94550264056604;;;;
848;0;5.272580800568697;;;;
849;0;4.951100817244035;;;;
850;0;5.346762650432279;;;29.74072112969265;91.90598433350904
851;0;5.213126563691246;;;;
852;0;4.54549707262747;11.142441047624326;18.091688844564768;;
853;0;39.73389959720911;;;;
854;0;0.01597858177827283;;;;
855;0;0.013977562324054548;;;;
856;0;0.008212289773726412;;;;
857;0;0.0017424181237471342;;;;
858;0;0.001602457954745282;39.737163276176844;;;
859;0;0.0003414213562373095;;;;
860;0;0.0003;;;;
861;0;0.0009449489742783179;;;;
862;0;0.5042258636226709;;;;
863;0;3.7402792970596086;;;;
864;0;6.42929565998549;7.384959072350257;42.63121835344933;;
865;0;8.086471330699613;;;;
866;0;9.051441310923693;;;;
867;0;12.070494302865125;;;;
868;0;12.911841047646098;;;;
869;0;14.43770142185613;;;;
870;0;9.99034988919257;22.916736582917142;;;
871;0;12.586298924276504;;;;
872;0;10.10431272838509;;;;
873;0;7.170015456074348;;;;
874;0;4.737720077922804;;;;
875;0;4.1600967680656;;;40.55292433176534;
876;0;3.686958493066329;20.907212790864445;13.554314989520481;;
877;0;3.515205223314495;;;;
878;0;2.614992145843491;;;;
879;0;1.8405847639102446;;;;
880;0;1.5003981463786678;;;;
881;0;1.3307816036484672;;;;
882;0;1.1726067222137029;4.843279996631392;;;
883;0;1.4221280935234941;;;;
884;0;1.6608636692632515;;;;
885;0;1.6881043757507386;;;;
886;0;1.502731390572074;;;;
887;0;3.682404534058195;;;;
888;0;6.894852732178153;8.45330167379252;9.140120842545015;;
889;0;8.519218393231535;;;;
890;0;12.093719652203855;;;;
891;0;11.900302417110176;;;;
892;0;13.227089745111746;;;;
893;0;13.498956686523021;;;;
894;0;14.928097944422706;43.4490453399305;;;
895;0;13.010636333450783;;;;
896;0;14.0323635832156;;;;
897;0;14.997276981733783;;;;
898;0;15.80493667241427;;;;
899;0;15.641375470541583;;;;
900;0;15.345921161272265;55.35882093386211;79.0567552761303;79.92305924265277;81.78224879920924
901;0;13.935573329447937;;;;
902;0;16.23000489742701;;;;
903;0;17.474202617390816;;;;
904;0;20.025378372589884;;;;
905;0;19.566642308309696;;;;
906;0;22.639687857729985;42.41812858764531;;;
907;0;22.427001731327167;;;;
908;0;24.314158793558054;;;;
909;0;21.121287660049948;;;;
910;0;22.38148337157829;;;;
911;0;17.37365991447269;;;;
912;0;14.676805653175814;43.32029190718237;43.444594638856756;;
913;0;4.94188586314874;;;;
914;0;8.164868525873679;;;;
915;0;5.997211246361279;;;;
916;0;6.294549715009721;;;;
917;0;3.5036884884685358;;;;
918;0;4.9569712419515355;15.862524884149092;;;
919;0;2.525123067385607;;;;
920;0;5.679447979342619;;;;
921;0;3.964763671413335;;;;
922;0;2.5921454238006767;;;;
923;0;2.488152812675412;;;;
924;0;4.870957398166268;12.246546506813052;13.25542238430201;;
925;0;7.770953645973726;;;43.82120136173242;
926;0;6.3756968867415695;;;;
927;0;5.781669076896839;;;;
928;0;1.9874611768193386;;;;
929;0;4.562062135755815;;;;
930;0;11.171935288495915;14.821100351812795;;;
931;0;6.746204294371721;;;;
932;0;6.35822165942208;;;;
933;0;2.8067117308862644;;;;
934;0;6.521244256509952;;;;
935;0;4.512858735003798;;;;
936;0;9.606132261561571;9.793247375729543;18.58480844727115;;
937;0;4.024465096702046;;;;
938;0;7.334617657122116;;;;
939;0;2.2631554064990724;;;;
940;0;11.265686055414672;;;;
941;0;0.0460291842584534;;;;
942;0;9.533176533815501;16.996047391931306;;;
943;0;0.044371089469157875;;;;
944;0;7.311773925475993;;;;
945;0;0.027105404591337385;;;;
946;0;3.364629164716007;;;;
947;0;0.037231691314166725;;;;
948;0;6.18510359281215;8.568911544947749;17.222029431878248;;
949;0;0.06095785281860568;;;;
950;0;14.186577956339232;;;14.980594531505636;46.15984162025516
951;0;6.706955012522879;;;;
952;0;5.579891624425216;;;;
953;0;7.005949418165876;;;;
954;0;2.2469065322459327;20.22050973666908;;;
955;0;2.26541066915242;;;;
956;0;4.739892076599518;;;;
957;0;2.0319400983820515;;;;
958;0;4.288195078057035;;;;
959;0;3.2972134364459498;;;;
960;0;2.519883616476936;11.388786282119302;15.845867177384426;;
961;0;4.201563599004226;;;;
962;0;1.5296028641519077;;;;
963;0;2.6587533056089154;;;;
964;0;0.5319428463987769;;;;
965;0;2.1114407537954336;;;;
966;0;3.71301584687581;8.157522608799125;;;
967;0;2.9146598131372987;;;;
968;0;8.126803679907047;;;;
969;0;1.812128093209066;;;;
970;0;5.159594319111311;;;;
971;0;2.419928775212059;;;;
972;0;2.699626988227371;13.917162286912253;12.164486704569487;;
973;0;4.759100845456928;;;;
974;0;3.7301198287892476;;;;
975;0;2.450957546440575;;;13.372301030459337;
976;0;4.475427803835941;;;;
977;0;1.0010047174323027;;;;
978;0;2.6984525441747005;9.601231870509382;;;
979;0;0.463448901574916;;;;
980;0;2.1369983156231456;;;;
981;0;0.34063151765883803;;;;
982;0;2.2188200647226313;;;;
983;0;0.6633040420598684;;;;
984;0;2.7420390194757247;5.5678669589021155;10.696101692804397;;
985;0;3.7066537717802754;;;;
986;0;4.776125076266657;;;;
987;0;2.038082300395673;;;;
988;0;2.1190790041697296;;;;
989;0;1.7546133914212592;;;;
990;0;2.5114537779258153;10.054714297842322;;;
991;0;3.902070177496785;;;;
992;0;2.0269577204298006;;;;
993;0;4.238732638933668;;;;
994;0;0.8635548210874756;;;;
995;0;2.3951932847287067;;;;
996;0;2.3637291750990896;6.805570923028805;6.446356762353686;;
997;0;2.5414209258076825;;;;
998;0;2.0091937549809478;;;;
999;0;1.4748534187278677;;;;
1000;0;1.822712228802215;;;8.01366015265295;13.347146655521477
1001;0;1.096656899963838;;;;
1002;0;1.7292487521991913;6.55856004178937;;;
1003;0;0.02050752304953479;;;;
1004;0;1.465929636773593;;;;
1005;0;0.4427604112109415;;;;
1006;0;0.5026695158931695;;;;
1007;0;0.7544897322111638;;;;
1008;0;2.4421695241601777;3.0976108491188565;5.570190030015013;;
1009;0;0.018113412330041594;;;;
1010;0;4.7642151297714275;;;;
1011;0;0.019794391150640564;;;;
1012;0;5.101989550609018;;;;
1013;0;4.866453990743448;;;;
1014;0;3.397721393139294;10.725792512210736;;;
1015;0;0.01795455996486564;;;;
1016;0;4.055302346934835;;;;
1017;0;0.02923223018784649;;;;
1018;0;4.347106118907969;;;;
1019;0;4.552768739254002;;;;
1020;0;5.150044314673982;10.841008802187707;5.262578822578022;;
1021;0;0.025442986287309597;;;;
1022;0;2.684061110384976;;;;
1023;0;0.023018164207282487;;;;
1024;0;2.0832494003641613;;;;
1025;0;0.03927955400946545;;;6.329723045788775;
1026;0;1.863997355971618;3.8143110128953968;;;
1027;0;0.8162859605052015;;;;
1028;0;3.3241627628653956;;;;
1029;0;2.937378266969129;;;;
1030;0;5.9450215021988315;;;;
1031;0;5.023684676051039;;;;
1032;0;5.031106841352918;12.045287019476786;10.811925829787336;;
1033;0;1.9425490579054283;;;;
1034;0;0.8594822677204965;;;;
1035;0;4.40857770470225;;;;
1036;0;2.410127683010079;;;;
1037;0;3.6761174336720623;;;;
1038;0;4.4263270868872056;9.46796595224801;;;
1039;0;1.8337498941211692;;;;
1040;0;3.4124684846628757;;;;
1041;0;1.7517647359417723;;;;
1042;0;2.7492377703405895;;;;
1043;0;1.25775877438892;;;;
1044;0;1.6432181183690413;6.490573557416254;12.40618880326948;;
1045;0;1.0938500033766998;;;;
1046;0;1.1479027146384544;;;;
1047;0;0.4836895374945993;;;;
1048;0;6.039137784057518;;;;
1049;0;2.4473061724477305;;;;
1050;0;7.800572456981911;11.52933429229405;;10.80714712223194;11.18568393931325
1051;0;3.734521976424987;;;;
1052;0;8.028801670143258;;;;
1053;0;0.047092484327678395;;;;
1054;0;8.755500464545028;;;;
1055;0;0.02677127991547219;;;;
1056;0;9.514189323742881;15.18151064343597;20.352969190242376;;
1057;0;0.022906154516393072;;;;
1058;0;8.799078028031444;;;;
1059;0;3.422463109124618;;;;
1060;0;5.176622815136778;;;;
1061;0;0.02062637822252818;;;;
1062;0;5.143311984362919;12.254579696447687;;;
1063;0;0.03641553964520162;;;;
1064;0;7.687346981598108;;;;
1065;0;0.030124432173309294;;;;
1066;0;8.045280651715878;;;;
1067;0;0.030118352118313083;;;;
1068;0;3.159667892797885;12.95369562184948;14.113296368455066;;
1069;0;0.016273643182073808;;;;
1070;0;3.2854550053131977;;;;
1071;0;0.03338527490132248;;;;
1072;0;2.609948441476355;;;;
1073;0;0.01414453190611093;;;;
1074;0;1.1351281308040264;5.278852858918945;;;
1075;0;0.014153902334568102;;;12.40654941213653;
1076;0;5.128023497785866;;;;
1077;0;0.015983105119690307;;;;
1078;0;5.914436879074588;;;;
1079;0;0.030288105700850748;;;;
1080;0;5.343600133804948;10.999136471004991;7.519759524924972;;
1081;0;1.774839093078303;;;;
1082;0;2.540006867283231;;;;
1083;0;0.037550841191534276;;;;
1084;0;3.269072537753045;;;;
1085;0;0.01776428710434594;;;;
1086;0;5.173471331735763;6.459495077209368;;;
1087;0;0.024204545010521744;;;;
1088;0;4.965789738124287;;;;
1089;0;0.024423450739854566;;;;
1090;0;5.257801774916651;;;;
1091;0;0.013448772422929802;;;;
1092;0;3.5486836534372124;9.187506456124149;10.599646235112028;;
1093;0;0.01563063455107868;;;;
1094;0;3.987378928196805;;;;
1095;0;0.01490365162263757;;;;
1096;0;6.34506319850372;;;;
1097;0;0.02209107732711193;;;;
1098;0;5.549726319392533;9.770180806955857;;;
1099;0;1.2965527219517055;;;;
1100;0;4.227244372489587;;;10.784214466910042;15.659667194117278
1101;0;3.3373133040284455;;;;
1102;0;5.344699973957683;;;;
1103;0;4.743282079890201;;;;
1104;0;2.648249353204672;11.60204404076823;9.722103535513037;;
1105;0;1.6940877849634577;;;;
1106;0;3.038034794877055;;;;
1107;0;0.2502199982658716;;;;
1108;0;4.418156352360788;;;;
1109;0;1.636146878403731;;;;
1110;0;3.5480036288153527;9.13657160906161;;;
1111;0;2.084051440626214;;;;
1112;0;4.849423224972019;;;;
1113;0;0.016219866906571668;;;;
1114;0;2.1899975328907098;;;;
1115;0;1.272603997359746;;;;
1116;0;3.574997295088924;5.881232764956494;12.097789709248854;;
1117;0;0.8002785504996246;;;;
1118;0;2.5078414321093994;;;;
1119;0;5.431505634916216;;;;
1120;0;6.6839763704541735;;;;
1121;0;2.2614449316484166;;;;
1122;0;2.8478937553823744;13.05301181393247;;;
1123;0;0.9514799441306239;;;;
1124;0;3.018261575882928;;;;
1125;0;3.2681708226629604;;;11.336586731080864;
1126;0;0.49943063416479316;;;;
1127;0;1.7577307489250495;;;;
1128;0;2.1188202304613943;7.906769695780256;14.239810428226276;;
1129;0;1.0973570281419578;;;;
1130;0;2.5207611185609826;;;;
1131;0;1.5580610455301418;;;;
1132;0;3.4748845160264703;;;;
1133;0;2.3703886685892788;;;;
1134;0;4.352789411776118;10.320559042932477;;;
1135;0;1.8775276118959967;;;;
1136;0;6.369700119736739;;;;
1137;0;0.022555755245513252;;;;
1138;0;6.979089168897393;;;;
1139;0;0.02195321368522027;;;;
1140;0;6.010964327414732;12.470561853555436;12.11493861268536;;
1141;0;0.015308505540423971;;;;
1142;0;3.0309102221019697;;;;
1143;0;0.05038341036199167;;;;
1144;0;3.4676365355516166;;;;
1145;0;0.031235267809416503;;;;
1146;0;4.111699525889376;7.193129082223827;;;
1147;0;2.725919890373844;;;;
1148;1;102.54206125363726;;;;
1149;0;0.02496995305383366;;;;
1150;0;1.8056789093916596;;;101.86676299331816;100.51650948462033
1151;0;0.4714136592863896;;;;
1152;0;1.0010567857532953;102.69814722507672;102.73657342587383;;
1153;0;0.9154997401527432;;;;
1154;0;0.5481349503286334;;;;
1155;0;0.5193925336373754;;;;
1156;0;0.390363971318969;;;;
1157;0;0.6851609313487593;;;;
1158;0;0.3695118173631895;2.0357244319798156;;;
1159;0;1.3163422267346503;;;;
1160;0;1.0011622699381852;;;;
1161;0;1.6739277533100234;;;;
1162;0;2.207316588935365;;;;
1163;0;4.89685635235874;;;;
1164;0;2.4004493366391633;10.238572545369786;10.711092961357776;;
1165;0;1.156754480680941;;;;
1166;0;0.6127437759432263;;;;
1167;0;1.6535486403286694;;;;
1168;0;1.0968613456581495;;;;
1169;0;0.03843677969156059;;;;
1170;0;2.587584181573992;5.397816655783968;;;
1171;0;0.06337275915431693;;;;
1172;0;4.5160985869049;;;;
1173;0;0.08888528945959764;;;;
1174;0;2.8473456546814804;;;;
1175;0;0.7019554132441719;;;11.840121514745405;
1176;0;0.5871785873790144;6.148582184678927;10.071998695610715;;
1177;0;0.035178205977181076;;;;
1178;0;1.706288089074565;;;;
1179;0;0.19028934877896314;;;;
1180;0;4.328486289242625;;;;
1181;0;0.07221640371532309;;;;
1182;0;7.487799864708212;11.07595722188386;;;
1183;0;0.016700636235581927;;;;
1184;0;7.2519830086241175;;;;
1185;0;0.5936062254120432;;;;
1186;0;7.157589196715083;;;;
1187;0;2.2438688567211575;;;;
1188;0;0.07553007837171871;10.492798561682301;15.146460369679213;;
1189;0;2.0790059353212174;;;;
1190;0;0.43028265207523747;;;;
1191;0;0.11681914439171874;;;;
1192;0;1.246554470427295;;;;
1193;0;0.10515124599799044;;;;
1194;0;3.330866932555459;5.10010081286244;;;
1195;0;2.050514124749584;;;;
1196;0;0.34901003686955767;;;;
1197;0;7.794449820451154;;;;
1198;0;0.404915309320923;;;;
1199;0;8.201088921667287;;;;
1200;0;0.37560765523743855;12.49927388260797;14.074754036564842;11.079519951581252;13.040257743046157
1201;0;3.308747442810172;;;;
1202;0;1.266458829371607;;;;
1203;0;2.8009397854421954;;;;
1204;0;2.553604510625893;;;;
1205;0;5.847191667115262;;;;
1206;0;3.1559129330611366;10.103675803812061;;;
1207;0;3.362076260598169;;;;
1208;0;3.6816500102037777;;;;
1209;0;0.19830504825348122;;;;
1210;0;2.337391770190457;;;;
1211;0;0.09360010618369148;;;;
1212;0;1.1533660536131713;9.477107494426011;10.40947262399954;;
1213;0;0.2519219134858833;;;;
1214;0;0.45384601002810493;;;;
1215;0;0.01892375283363597;;;;
1216;0;0.4308826392979521;;;;
1217;0;0.27195570215966086;;;;
1218;0;0.15452125510665374;1.148051910976808;;;
1219;0;0.37100180465837124;;;;
1220;1;96.97584561459766;;;;
1221;0;0.0414948464816229;;;;
1222;0;4.157428848135291;;;;
1223;0;0.026840215851023395;;;;
1224;0;8.360757678829158;98.69268384451561;98.69255272883302;;
1225;0;4.94467740198505;;;99.57422157178213;
1226;0;8.933347209501234;;;;
1227;0;2.332006697044517;;;;
1228;0;7.109200866800316;;;;
1229;0;0.037840830582906944;;;;
1230;0;8.276578059799093;18.11121570596068;;;
1231;0;3.494764232187487;;;;
1232;0;6.266924336321538;;;;
1233;0;5.821610713102768;;;;
1234;0;14.515000900979363;;;;
1235;0;3.765030883819122;;;;
1236;0;10.529442728779014;17.920841720366397;23.39670781593036;;
1237;0;4.104144420705812;;;;
1238;0;7.509046416256661;;;;
1239;0;4.160458402983464;;;;
1240;0;7.520834900050062;;;;
1241;0;4.117932529078212;;;;
1242;0;5.387654814928727;12.00457639256204;;;
1243;0;4.107959602552413;;;;
1244;0;5.707476763186194;;;;
1245;0;4.121177232443685;;;;
1246;0;9.283526826498537;;;;
1247;0;4.092654357055492;;;;
1248;0;11.287215758716597;16.0880076715893;13.542302226946271;;
1249;0;4.168116479023317;;;;
1250;0;12.668442152858425;;;18.662614851909893;100.74078917659826
1251;0;4.27635741567214;;;;
1252;0;9.715691378496755;;;;
1253;0;4.263033583643603;;;;
1254;0;8.970788684762992;18.814136565395625;;;
1255;0;4.123837290109204;;;;
1256;0;7.24706094567267;;;;
1257;0;4.221426625438809;;;;
1258;0;4.777214292503319;;;;
1259;0;6.199270641193394;;;;
1260;0;5.2920244712812226;11.970051738870382;15.76197718621864;;
1261;0;4.195297213143262;;;;
1262;0;7.974766453016839;;;;
1263;0;4.0172622456629234;;;;
1264;0;9.403378354045545;;;;
1265;0;3.1059807916772058;;;;
1266;0;6.914861299412948;14.642915574619416;;;
1267;0;6.17881671800148;;;;
1268;0;4.5784342368529245;;;;
1269;0;6.846068210039077;;;;
1270;0;4.486486014501254;;;;
1271;0;5.27937762401384;;;;
1272;0;2.9602967130632196;14.986046057327444;16.538343048391518;;
1273;0;6.4112696989644276;;;;
1274;0;5.245161145059001;;;;
1275;0;5.206509793427806;;;16.518600914401176;
1276;0;6.36998180726318;;;;
1277;0;4.409418667818698;;;;
1278;0;5.9450172323901045;16.522681515045157;;;
1279;0;4.129259568731179;;;;
1280;0;5.5199051933083645;;;;
1281;0;2.2902317893604613;;;;
1282;0;5.584939163585706;;;;
1283;0;2.740439949756517;;;;
1284;0;4.578887615962368;12.790297206742231;19.320466700486588;;
1285;0;1.8056013114654224;;;;
1286;0;2.136727643819348;;;;
1287;0;2.178615217831604;;;;
1288;0;2.1941869540468675;;;;
1289;0;6.822766206197182;;;;
1290;0;3.062908972752606;10.861400817703307;;;
1291;0;4.418655437595133;;;;
1292;0;3.8271927291237566;;;;
1293;0;2.5155289972845125;;;;
1294;0;1.9360503538496812;;;;
1295;0;2.092944871188362;;;;
1296;0;2.4309364852962965;11.235297497531871;16.340527431705272;;
1297;0;5.503558694987164;;;;
1298;0;3.4024597837345136;;;;
1299;0;3.9510400685347027;;;;
1300;0;2.79049666944445;;;14.480208338869005;15.567754218558576
1301;0;2.716514175210975;;;;
1302;0;2.149322170607188;13.782128635078768;;;
1303;0;1.8344150473667453;;;;
1304;0;1.1415354928178127;;;;
1305;0;1.1861727405620337;;;;
1306;0;0.89536119835396;;;;
1307;1;100.35800091213844;;;;
1308;0;0.04078279589712432;100.31654827528732;99.95824807459762;;
1309;0;3.4011096145269097;;;;
1310;0;0.024578579251880266;;;;
1311;0;5.095105777976641;;;;
1312;0;0.01890512345067234;;;;
1313;0;3.7663253656156934;;;;
1314;0;0.013668336602383266;8.076989250766664;;;
1315;0;2.993621008408549;;;;
1316;0;0.02068768432531077;;;;
1317;0;2.342361327715515;;;;
1318;0;0.02083873495495587;;;;
1319;0;2.83451284374341;;;;
1320;0;0.014231658724053966;6.271328328617965;10.717545178710868;;
1321;0;2.417010975409268;;;;
1322;0;0.02181967472232001;;;;
1323;0;2.3986570541993593;;;;
1324;0;0.015248374750148534;;;;
1325;0;2.4500486857396835;;;101.08548277856733;
1326;0;0.014088484595166756;5.619976749367084;;;
1327;0;1.273333262056455;;;;
1328;0;0.013191904166214371;;;;
1329;0;0.8785074890521215;;;;
1330;0;0.013019494916598524;;;;
1331;0;0.36527157426527085;;;;
1332;0;0.02682273546704;1.9305781877786907;6.19975604546211;;
1333;0;0.8089503880814699;;;;
1334;0;0.021753845631342656;;;;
1335;0;0.9715695649390487;;;;
1336;0;0.020392042487189618;;;;
1337;0;1.273563179067919;;;;
1338;0;0.022388549389678252;2.452214710623293;;;
1339;0;1.192581696217583;;;;
1340;0;0.026455063442181743;;;;
1341;0;0.5682912589583716;;;;
1342;0;0.024056683434496056;;;;
1343;0;0.004124740273400084;;;;
1344;1;117.78476435502581;117.73084131581841;117.57780480639224;;
1345;0;0.025884573411911874;;;;
1346;0;1.0276174631325172;;;;
1347;0;0.004456580141015699;;;;
1348;0;3.0597981434196373;;;;
1349;0;0.007341150641487747;;;;
1350;0;6.53202119141545;9.949065743849399;;123.88331105015418;84.48668838115356
1351;0;0.014476637970043296;;;;
1352;0;9.84251489398736;;;;
1353;0;0.027018377732764675;;;;
1354;0;13.642707075975798;;;;
1355;0;1.144689593605078;;;;
1356;0;19.7142025930884;38.98460946957617;47.766097035515806;;
1357;0;3.126167427493457;;;;
1358;0;20.16065946119092;;;;
1359;0;4.853829835821159;;;;
1360;0;41.83142065652073;;;;
1361;0;27.32839008811318;;;;
1362;0;16.662355701007183;45.706962989507694;;;
1363;0;36.163229702287566;;;;
1364;0;24.97909734620006;;;;
1365;0;21.596294060957003;;;;
1366;0;11.385437161291806;;;;
1367;0;16.841265121806067;;;;
1368;0;10.336985902001723;39.735301004907626;63.45415980920374;;
1369;0;10.538987516413767;;;;
1370;0;4.636594388110039;;;;
1371;0;10.408899390479478;;;;
1372;0;7.140425042167734;;;;
1373;0;6.0754851695276955;;;;
1374;0;9.274554972252757;9.705956642854249;;;
1375;0;8.86727171290657;;;84.83896858584026;
1376;0;5.495852724812034;;;;
1377;0;8.892302751205563;;;;
1378;0;8.543536641323048;;;;
1379;0;8.268423702985695;;;;
1380;0;9.446401657366337;18.83887776639849;21.936120357570292;;
1381;0;14.066130354498446;;;;
1382;0;13.736067582650291;;;;
1383;0;8.730587572838708;;;;
1384;0;4.749943037662124;;;;
1385;0;4.535922566220403;;;;
1386;0;1.9245963606925893;24.644385615987957;;;
1387;1;101.96208398350936;;;;
1388;0;0.012638744231846993;;;;
1389;0;3.489049864419763;;;;
1390;0;0.012952712915591915;;;;
1391;0;3.3413900735247553;;;;
1392;0;0.013918738801663687;102.59612634845443;100.11319750283424;;
1393;0;2.6467703515444065;;;;
1394;0;0.02261233906422267;;;;
1395;0;1.9966563027929827;;;;
1396;0;0.008977586870142312;;;;
1397;0;0.9800238554532563;;;;
1398;0;0.007668216646932848;4.771751365642749;;;
1399;0;0.8869600047775741;;;;
1400;0;0.280181882580512;;;98.00792602520062;94.1618578042676
1401;0;0.1716338710342065;;;;
1402;0;0.4599302800869872;;;;
1403;0;2.138227372819085;;;;
1404;0;0.015433755798022966;2.9997961049994784;6.074286981075726;;
1405;0;2.305105203070352;;;;
1406;0;0.15824399405022704;;;;
1407;0;1.3535508648924968;;;;
1408;0;0.3186397645778528;;;;
1409;0;1.064885906493127;;;;
1410;0;0.019534317486490562;2.9861541142008585;;;
1411;0;1.1199759342438222;;;;
1412;0;0.0809852071812299;;;;
1413;0;0.7723649585595026;;;;
1414;0;0.16944591155678532;;;;
1415;0;0.3884466195678589;;;;
1416;0;0.027351705344146295;1.892747128838044;2.9604585966450983;;
1417;0;0.344019231018049;;;;
1418;0;0.9397364712888476;;;;
1419;0;0.490485586391442;;;;
1420;0;0.8787593012736926;;;;
1421;0;0.9090019535490445;;;;
1422;0;0.01448994328166553;3.021490082242926;;;
1423;0;2.4818901000792994;;;;
1424;0;0.006411243691943798;;;;
1425;0;2.27569035454606;;;6.79146052671894;
1426;0;0.015803276091488332;;;;
1427;0;1.3761966252452662;;;;
1428;0;0.0051509860921691375;4.732406959346737;4.646587058564247;;
1429;0;0.3823434451139388;;;;
1430;0;0.011210539670472955;;;;
1431;0;0.2825635525509509;;;;
1432;0;0.07578997270741956;;;;
1433;0;0.42711487511070734;;;;
1434;0;0.01273833183951322;0.7269215179775752;;;
1435;0;0.3119742724257374;;;;
1436;0;0.013430810833366377;;;;
1437;0;0.33805816896199814;;;;
1438;0;2.7905211998884023;;;;
1439;0;0.3225060607215143;;;;
1440;0;3.3311901059364217;6.2194723112294845;6.398568130918478;;
1441;0;0.28315860605917603;;;;
1442;0;4.308217101318944;;;;
1443;0;1.723807817410251;;;;
1444;0;1.812355072562426;;;;
1445;0;0.5537964548870339;;;;
1446;0;0.8667422627242648;6.603669918137786;;;
1447;0;0.010299068714435455;;;;
1448;0;3.083349657299724;;;;
1449;0;0.007985848450519304;;;;
1450;0;2.3300867000547876;;;11.001890460192273;9.024322449695637
1451;0;0.5326153114315954;;;;
1452;0;0.3560357238535164;4.77053153979019;8.341644575047232;;
1453;0;1.1307106109609435;;;;
1454;0;0.23344849121803887;;;;
1455;0;1.1049454492557051;;;;
1456;0;0.16160429486785294;;;;
1457;0;0.7715248269741334;;;;
1458;1;105.19632590354679;105.2334476191479;;;
1459;0;0.006154977647648454;;;;
1460;0;1.5452826167756013;;;;
1461;0;2.437058823246581;;;;
1462;0;1.4787468969901694;;;;
1463;0;2.3038577875423276;;;;
1464;0;0.9395355470577735;6.559919774050452;104.34498005420475;;
1465;0;1.391021371629595;;;;
1466;0;1.0275714199163966;;;;
1467;0;0.007265612529163336;;;;
1468;0;0.7236529936282247;;;;
1469;0;0.023431129847284765;;;;
1470;0;0.5248249791124044;2.8743626132751787;;;
1471;0;0.0068913373028233966;;;;
1472;0;0.2774076289933237;;;;
1473;0;0.007044463203871311;;;;
1474;0;0.47072442180365853;;;;
1475;0;0.3910224525995122;;;104.33240512219619;
1476;0;0.6635459819533935;1.0032616834482446;2.979749797702304;;
1477;0;0.09256337950128748;;;;
1478;0;0.4821678004425828;;;;
1479;0;0.041027545403363126;;;;
1480;0;0.40281641445334765;;;;
1481;0;0.004758041328251155;;;;
1482;0;1.8685643012110977;2.7158178529394554;;;
1483;0;0.014605055940442856;;;;
1484;0;1.832388323523514;;;;
1485;0;0.7518789268542045;;;;
1486;0;1.9506440432936325;;;;
1487;0;1.1124931611521518;;;;
1488;0;0.35703138174622534;3.670859294185546;5.918876252213466;;
1489;0;1.0307021400881708;;;;
1490;0;0.4801287543312851;;;;
1491;0;0.02236164037699728;;;;
1492;0;0.6805786422178072;;;;
1493;0;0.20913612919713342;;;;
1494;0;0.06910856523780182;1.7409393271197695;;;
1495;0;0.6388033047263669;;;;
1496;0;0.6698576406538506;;;;
1497;0;0.006940935585830303;;;;
1498;0;0.9482518798642159;;;;
1499;0;0.1704272632629485;;;;
1500;0;0.47897124300760224;1.851499719726714;2.5878828793657576;5.321115606300764;104.16654728648626
1501;0;0.4450372818960384;;;;
1502;0;0.612486388089756;;;;
1503;0;0.019358552696806405;;;;
1504;0;1.0167107576514967;;;;
1505;0;0.017300756247183434;;;;
1506;0;0.9097110184594254;1.8985356919533307;;;
1507;0;0.014004393918659343;;;;
1508;0;0.5399982699430403;;;;
1509;0;0.029369040029282683;;;;
1510;0;0.17831531630680764;;;;
1511;1;105.218952022534;;;;
1512;0;0.024581677030390683;105.23472162167714;105.2476529187961;;
1513;0;3.588406391655976;;;;
1514;0;0.025131275684850025;;;;
1515;0;1.667661979815939;;;;
1516;0;1.1041222925709377;;;;
1517;0;2.001853223383507;;;;
1518;0;1.108549548300822;6.625103044297962;;;
1519;0;2.1997094858857387;;;;
1520;0;0.02848602184437662;;;;
1521;0;1.001046552860381;;;;
1522;0;0.02640871150393633;;;;
1523;0;1.3233107331899225;;;;
1524;0;0.012528767103581388;2.5280855218287592;7.624058098573641;;
1525;0;0.5590095597036813;;;106.25973063236697;
1526;0;0.021099996627040585;;;;
1527;0;2.470417582261529;;;;
1528;0;0.015269300174592106;;;;
1529;0;2.023883861092245;;;;
1530;0;0.030918858208108666;3.356146488253837;;;
1531;0;1.731383481582036;;;;
1532;0;0.005204575930655363;;;;
1533;0;2.01418766114886;;;;
1534;0;0.004692407448406447;;;;
1535;0;0.8665315267436816;;;;
1536;0;0.0685645397863924;3.629850552995045;4.77897709578164;;
1537;0;1.063433213261975;;;;
1538;0;0.02261192376837625;;;;
1539;0;2.079729767876172;;;;
1540;0;0.017763857258412587;;;;
1541;0;1.1432104641002236;;;;
1542;0;0.010568727272583239;3.625342924490465;;;
1543;0;0.38334726066190006;;;;
1544;0;0.010813018975899608;;;;
1545;0;0.2261122193861529;;;;
1546;0;0.08364386303614021;;;;
1547;0;0.37162715810118435;;;;
1548;0;0.0122555620228245;0.4970664803354917;3.7224680326498665;;
1549;0;0.43620108638069915;;;;
1550;0;0.019355897808113427;;;4.237218213436459;105.91999444588744
1551;0;0.4215182047223118;;;;
1552;0;0.017041786079481;;;;
1553;0;1.7125555323568096;;;;
1554;0;0.009063614026416342;2.3750629200287743;;;
1555;0;2.077698359324079;;;;
1556;0;0.012616134201606838;;;;
1557;0;0.3552243353904305;;;;
1558;0;0.0039363596551749425;;;;
1559;0;0.27384788849508707;;;;
1560;0;0.005709564735931829;2.1037736740109025;3.8078917292447825;;
1561;0;0.23755332113726924;;;;
1562;0;0.012950233610165262;;;;
1563;0;0.2521570664299134;;;;
1564;0;0.013412486517280522;;;;
1565;0;0.7898818467249705;;;;
1566;0;0.0154647352348166;1.09990329146771;;;
1567;0;1.1897417160249937;;;;
1568;0;0.026577273482659525;;;;
1569;0;0.5942365061953406;;;;
1570;0;0.019016936345559406;;;;
1571;0;1.4630450361384866;;;;
1572;0;0.007033114259233968;2.800887675497206;3.5670877889757424;;
1573;0;0.5990041654810702;;;;
1574;0;0.006702385058959378;;;;
1575;0;0.21932194541360922;;;2.327849776776029;
1576;0;0.018493309487161682;;;;
1577;0;0.4584788611870144;;;;
1578;0;0.01727923558428844;1.003282448559435;;;
1579;0;1.0932539594181392;;;;
1580;0;0.010929716700591802;;;;
1581;0;0.61603941688403;;;;
1582;0;0.01621365489618019;;;;
1583;0;0.2598117908086197;;;;
1584;0;0.02328101608173502;1.1921881742406857;1.8946048458423865;;
1585;0;0.049619481606164854;;;;
1586;0;0.016207099263100214;;;;
1587;0;0.05111455155285054;;;;
1588;0;0.05302550625031249;;;;
1589;0;1.3895463438061777;;;;
1590;0;0.019106969311470108;1.4997798505317388;;;
1591;0;0.7829024137206496;;;;
1592;0;0.02678074420264085;;;;
1593;0;0.5271330780875111;;;;
1594;0;0.008650573217548035;;;;
1595;0;0.1657772218679276;;;;
1596;0;0.06389892825493251;1.2826095600040697;2.4440069868745455;;
1597;0;0.14306272533182593;;;;
1598;0;0.011006872617016673;;;;
1599;0;0.12054711807181907;;;;
1600;0;0.05784385492810733;;;1.7072385113788375;2.7356916413339647
1601;0;0.13782882765504018;;;;
1602;0;0.011481575230215231;0.36333322098230497;;;
1603;0;0.03110023290505312;;;;
1604;0;0.011156434349443892;;;;
1605;0;1.028570680759814;;;;
1606;0;0.009181199624078039;;;;
1607;0;0.5872595784108796;;;;
1608;0;0.016710755018024145;1.282247620745148;1.4819432111314756;;
1609;0;0.9873330096015869;;;;
1610;0;0.010191212379645636;;;;
1611;0;1.328889094908951;;;;
1612;0;0.008059179553311141;;;;
1613;0;2.1483804849644854;;;;
1614;0;0.8379667710274512;4.0404469165112795;;;
1615;0;2.0151562304263693;;;;
1616;0;0.00701920236764956;;;;
1617;0;3.356034824033005;;;;
1618;0;1.027480037558977;;;;
1619;0;3.620791204020074;;;;
1620;0;1.6370622107764006;7.684749851115732;7.032749674457028;;
1621;0;2.3297519048072672;;;;
1622;0;1.324761937960984;;;;
1623;0;2.3773580903368514;;;;
1624;0;1.131383168424993;;;;
1625;0;2.663185518472635;;;10.387914911509284;
1626;0;0.6351979345624631;6.557479976968259;;;
1627;0;0.9527160418100923;;;;
1628;0;0.6891688581716842;;;;
1629;0;0.6782950505690148;;;;
1630;0;0.014190873736837523;;;;
1631;0;0.33180162791997375;;;;
1632;0;0.0038556349186104045;1.1792469225359663;7.031678717054636;;
1633;0;0.07107057881162474;;;;
1634;0;0.010729910034115445;;;;
1635;0;0.030926404255638657;;;;
1636;0;2.662267192124053;;;;
1637;0;0.026986237452957675;;;;
1638;0;0.8910240052988964;3.3650230224929705;;;
1639;0;0.04332168056721667;;;;
1640;0;0.4944346414853438;;;;
1641;0;0.01116281496703528;;;;
1642;0;0.08925022362440428;;;;
1643;0;0.0014650281539872886;;;;
1644;0;0.07019051817490263;0.5213928450075977;3.6375008892098224;;
1645;0;0.0017242640687119288;;;;
1646;0;0.0030024579547452824;;;;
1647;0;2.529352085203904;;;;
1648;0;0.00652285344769424;;;;
1649;0;1.2124529345959472;;;;
1650;0;0.01045065473251166;3.356605872157526;;4.637144594083636;9.636185067997165
1651;0;0.44867622153276204;;;;
1652;0;0.005582769816688717;;;;
1653;0;0.06442454884900349;;;;
1654;0;0.007609027420420293;;;;
1655;0;0.00442672202345721;;;;
1656;0;0.007799389788702563;0.46550192172049;3.4669923424853097;;
1657;0;0.000682842712474619;;;;
1658;0;0.002423606797749979;;;;
1659;0;0.0005886349517372674;;;;
1660;0;0.0002;;;;
1661;0;0.0053853734521709055;;;;
1662;0;0.0003414213562373095;0.008870820282415039;;;
1663;0;0.0011146264369941972;;;;
1664;0;0.006008056749649392;;;;
1665;0;0.0001;;;;
1666;0;4.949544522909108;;;;
1667;0;0.006740424477892588;;;;
1668;0;2.0978384320698993;6.074690277774566;6.078362079287469;;
1669;0;1.1553324159820892;;;;
1670;0;0.6555443565951213;;;;
1671;0;0.2910058840215834;;;;
1672;0;0.1990377312087823;;;;
1673;0;0.11647639247733373;;;;
1674;0;0.09013521488901093;2.2024027905715227;;;
1675;0;0.007255974415158279;;;7.8622397957670405;
1676;0;3.660844396065103;;;;
1677;0;0.016947595071815428;;;;
1678;0;1.5553117723238108;;;;
1679;0;0.026364870879311615;;;;
1680;0;0.7489358382993095;4.718172405651997;5.974108185863358;;
1681;0;0.004523797739318299;;;;
1682;0;0.10478823330201001;;;;
1683;0;0.012010402157352187;;;;
1684;0;2.8069130029928075;;;;
1685;0;0.0010692130429902464;;;;
1686;0;4.103274006513948;4.925322480942586;;;
1687;0;0.011475177265095164;;;;
1688;0;1.9043811523474448;;;;
1689;0;0.012674447098347311;;;;
1690;0;1.3679119941078435;;;;
1691;0;0.01589656596375664;;;;
1692;0;0.46985569413892253;2.924366073743056;5.745451371221269;;
1693;0;0.021304593731418266;;;;
1694;0;0.4976355563916356;;;;
1695;0;0.007623334436368489;;;;
1696;0;0.02441714525260761;;;;
1697;0;0.003831370849898477;;;;
1698;0;0.000782842712474619;0.509876276471389;;;
1699;0;0.008177382673343296;;;;
1700;0;0.0014656854249492383;;;7.4979409307207066;6.9918225153426
1701;0;0.0006414213562373095;;;;
1702;0;0.003838963772944457;;;;
1703;0;0.0007236067977499789;;;;
1704;0;0.004621268798455111;0.01588029959779954;0.5162006425927144;;
1705;0;2.292387052801823;;;;
1706;0;0.0045917501774444995;;;;
1707;0;3.008672749289052;;;;
1708;0;0.009667531521765154;;;;
1709;0;3.2953537001066064;;;;
1710;0;0.0035307135789365263;5.009372872362209;;;
1711;0;0.5746212864590307;;;;
1712;0;0.011508640753373009;;;;
1713;0;0.29662956588900063;;;;
1714;0;0.010038890394871228;;;;
1715;0;0.10666160245337923;;;;
1716;0;0.005547280841501239;0.901870164793153;4.89428140278944;;
1717;0;0.13005898566360008;;;;
1718;0;0.009268216164645524;;;;
1719;0;0.07237190890196472;;;;
1720;0;0.0031478708664619075;;;;
1721;0;3.0407752341060346;;;;
1722;0;0.0067288399993672915;3.101904289066665;;;
1723;0;2.252622659292137;;;;
1724;0;0.003532780492029403;;;;
1725;0;0.9901267630970871;;;5.060520760856229;
1726;0;0.0024242640687119287;;;;
1727;0;0.12629195807687194;;;;
1728;0;0.00903981389514272;2.8703291933954524;4.875619789666994;;
1729;0;0.06669660927049204;;;;
1730;0;0.00428423052163685;;;;
1731;0;0.08238518944617385;;;;
1732;0;0.0;;;;
1733;0;0.0001;;;;
1734;0;3.788463664804632;3.748018444918428;;;
1735;0;0.004554977647648455;;;;
1736;0;1.3834591879665443;;;;
1737;0;1.3453639082197673;;;;
1738;0;0.5938041706619178;;;;
1739;0;4.855003867094555;;;;
1740;0;7.067813970981393;9.584423047858255;11.94673618418442;;
1741;0;0.01671567007377495;;;;
1742;0;3.546492493004613;;;;
1743;0;0.02239948232369648;;;;
1744;0;3.776775336981572;;;;
1745;0;3.3660087676500474;;;;
1746;0;1.3524195091877387;7.921978329522719;;;
1747;0;1.5023603563264292;;;;
1748;0;4.030758979905014;;;;
1749;0;0.6120005175687034;;;;
1750;0;2.462917121287108;;;13.941286990745784;14.199776566768257
1751;0;0.2132823976111943;;;;
1752;0;3.16064253743955;5.878628980063628;10.485510954181967;;
1753;0;0.20535461787117992;;;;
1754;0;1.3906674513903963;;;;
1755;0;0.11493140639306293;;;;
1756;0;0.38511029987825374;;;;
1757;0;0.021594040025361964;;;;
1758;0;2.516419582490292;3.89778262098112;;;
1759;0;0.012144124078775865;;;;
1760;0;2.3995014652063595;;;;
1761;0;0.025750089419850002;;;;
1762;0;3.001146072208629;;;;
1763;0;0.03482461136526465;;;;
1764;0;3.0866891859248877;4.96737677739246;6.7817402384474;;
1765;0;0.03251377019075495;;;;
1766;0;1.912823055621821;;;;
1767;0;0.024743924613180292;;;;
1768;0;2.5742578130277702;;;;
1769;0;0.027925994531481257;;;;
1770;0;1.7948468161694064;2.7783764546915894;;;
1771;0;0.017752568088594756;;;;
1772;0;2.0782016167380664;;;;
1773;0;0.012140935585830305;;;;
1774;0;1.4475183153796036;;;;
1775;0;0.01954565396825095;;;9.893974894337429;
1776;0;0.9228087343155627;3.4377532599625598;4.415033464624971;;
1777;0;0.023525530830710868;;;;
1778;0;3.3445684600340835;;;;
1779;0;0.0164353572378805;;;;
1780;0;3.0480496422763816;;;;
1781;0;0.015123595214880567;;;;
1782;0;1.6418745975704763;5.4649955135603046;;;
1783;0;0.007904842531417334;;;;
1784;0;1.3612021535680034;;;;
1785;0;0.024113190847907;;;;
1786;0;1.6814697802400864;;;;
1787;0;0.014087272369270851;;;;
1788;0;2.1141364370241513;2.6401973045812355;6.123814755657579;;
1789;0;0.006608195720502798;;;;
1790;0;2.024617122784811;;;;
1791;0;0.053514763101288915;;;;
1792;0;1.5894864174381373;;;;
1793;0;0.012932685763274804;;;;
1794;0;2.723803070318511;3.251120272978488;;;
1795;0;0.014271794037757439;;;;
1796;0;2.099698505254603;;;;
1797;0;0.023338298007627496;;;;
1798;0;0.9385323417756134;;;;
1799;0;0.009151376651534216;;;;
1800;0;0.1809677322952809;2.892812454540461;5.216656451175308;2.038354123434552;9.876084660412703
1801;0;0.017749747839758266;;;;
1802;0;0.15668167936092073;;;;
1803;0;0.06343623440160023;;;;
1804;0;0.05475008086705736;;;;
1805;0;0.012048381863564724;;;;
1806;0;0.0536894986204204;0.2945069847847284;;;
1807;0;0.014436870652277762;;;;
1808;0;0.06510864874211997;;;;
1809;0;0.05156470918399286;;;;
1810;0;0.04104497961937251;;;;
1811;0;0.020033660697815942;;;;
1812;0;0.04909284917484415;0.16423178795610338;0.43014467054972694;;
1813;0;2.447104426032307;;;;
1814;0;0.019437550499113273;;;;
1815;0;1.0790413171642286;;;;
1816;0;0.04533693184773734;;;;
1817;0;0.4033644035419583;;;;
1818;0;0.0694911616023415;3.024680721685039;;;
1819;0;0.01834543862069977;;;;
1820;0;0.05430856371888135;;;;
1821;0;0.05591956133565635;;;;
1822;0;0.05938180551631197;;;;
1823;0;0.011661134720989688;;;;
1824;0;0.0649146288994756;0.19855580216327184;3.179033989907394;;
1825;0;0.013595376400254548;;;3.064339687220104;
1826;0;0.053815109760399604;;;;
1827;0;0.058818253918321045;;;;
1828;0;2.401610916751985;;;;
1829;0;0.030203580549218505;;;;
1830;0;1.4349147524886916;3.079743609367586;;;
1831;0;0.022970626561135625;;;;
1832;0;0.6134482700642957;;;;
1833;0;0.06647585147667656;;;;
1834;0;0.05211432260060218;;;;
1835;0;0.014185033147876737;;;;
1836;0;0.03949291259250854;0.7103513325040679;3.346640708326472;;
1837;0;0.013153297773055295;;;;
1838;0;4.67807297499158;;;;
1839;0;1.8819094268731769;;;;
1840;0;2.3956175681177667;;;;
1841;0;0.9983915767954897;;;;
1842;0;2.9408495185819548;6.7112790188693525;;;
1843;0;1.1901136384093105;;;;
1844;0;3.644352336942072;;;;
1845;0;1.9272047173763864;;;;
1846;0;3.8576837945894082;;;;
1847;0;1.6043718666272184;;;;
1848;0;3.4039244669970876;7.485325093112111;9.202545630926664;;
1849;0;1.823850815906817;;;;
1850;0;0.07147565345433524;;;10.223576414742618;10.271669892234002
1851;0;3.534651689828005;;;;
1852;0;0.08194470380973659;;;;
1853;0;1.6021176988234584;;;;
1854;0;5.50295409989961;3.103909135183529;;;
1855;0;0.02765646406157975;;;;
1856;0;6.199464465351896;;;;
1857;0;0.020041325708901523;;;;
1858;0;5.830994262581415;;;;
1859;0;5.333589154886475;;;;
1860;0;0.07010602246410846;12.592884260269178;13.310996906770146;;
1861;0;3.940729347301571;;;;
1862;0;0.031833057462097684;;;;
1863;0;1.6250447740604625;;;;
1864;0;0.054072689558233036;;;;
1865;0;0.1920263016797093;;;;
1866;0;0.04740490777656643;4.7228456803615275;;;
1867;0;0.2820823681800932;;;;
1868;0;0.050235442908107664;;;;
1869;0;0.20464061387543653;;;;
1870;0;0.07252472509431564;;;;
1871;0;0.21147783741802317;;;;
1872;0;0.05293715877565371;0.4785738609947384;4.844917933049933;;
1873;0;0.2160042263252265;;;;
1874;0;0.05009813305006714;;;;
1875;0;0.15692901263604755;;;11.926084510893936;
1876;0;1.4983084688985582;;;;
1877;0;0.027640569177751526;;;;
1878;0;0.6948140323812809;2.3902569594675978;;;
1879;0;2.053519640544606;;;;
1880;0;1.5482141382523211;;;;
1881;0;0.9175931609734502;;;;
1882;0;3.116836468511367;;;;
1883;0;4.0944504106695465;;;;
1884;0;2.822185124679453;7.939447890281191;8.16505163533991;;
1885;0;0.034345290463684834;;;;
1886;0;1.7026574408855686;;;;
1887;0;0.019698424046769813;;;;
1888;0;1.589679674947915;;;;
1889;0;0.016572306435728785;;;;
1890;0;0.7187956662382873;1.8816899940886718;;;
1891;0;0.0037631545744180542;;;;
1892;0;0.5383923703511112;;;;
1893;0;0.060113035413249805;;;;
1894;0;0.24099811599629906;;;;
1895;0;0.013626626812415284;;;;
1896;0;0.24228189949141885;0.591249262656102;2.1252917598688668;;
1897;0;0.013542663373827736;;;;
1898;0;0.14982175347434273;;;;
1899;0;0.06437330853608579;;;;
1900;0;0.17208549982147917;;;8.374808867853123;16.715893584827914
1901;0;0.014078364904300974;;;;
1902;0;2.2003279519381773;2.494405255659255;;;
1903;0;0.00561455305892097;;;;
1904;0;0.8275468521995188;;;;
1905;0;0.04495186294840393;;;;
1906;0;0.23376027384929834;;;;
1907;0;0.011552566752567684;;;;
1908;0;0.03383325558835514;1.0302726024603461;3.1681067176737194;;
1909;0;0.01029060713607554;;;;
1910;0;0.012377260732824545;;;;
1911;0;0.013875567824460242;;;;
1912;0;5.652768984429749;;;;
1913;0;0.012023339760694135;;;;
1914;0;2.3646095216458596;6.820220243921723;;;
1915;0;0.01536658746370446;;;;
1916;0;1.0225138292541451;;;;
1917;0;0.06156900128072321;;;;
1918;0;4.579732154466791;;;;
1919;0;0.029941854068387175;;;;
1920;0;2.5939739190358364;5.392723669892224;11.385643898109421;;
1921;0;0.03408539760957452;;;;
1922;0;0.4682798333484584;;;;
1923;0;0.04152702063438613;;;;
1924;0;0.1934221926316336;;;;
1925;0;12.344075996559216;;;21.89287373030778;
1926;0;0.12285520896599551;12.829067909855924;;;
1927;0;11.439798286517068;;;;
1928;0;4.167288369896412;;;;
1929;0;11.577759453277764;;;;
1930;0;2.306303633042857;;;;
1931;0;5.903175188161276;;;;
1932;0;5.794242162873121;22.09297399593249;23.219404466511165;;
1933;0;7.663469859081369;;;;
1934;0;6.3063036260286065;;;;
1935;0;7.545016216665198;;;;
1936;0;5.190365046076997;;;;
1937;0;4.936874858309967;;;;
1938;0;4.691429547409043;19.080109148530788;;;
1939;0;4.78277593508748;;;;
1940;0;4.822130057841893;;;;
1941;0;4.332362611410799;;;;
1942;1;103.3263936872793;;;;
1943;0;0.8766545108229175;;;;
1944;0;2.588824389104004;103.49276692095927;100.2894371520461;;
1945;0;3.828072074155249;;;;
1946;0;4.687589699916129;;;;
1947;0;6.034647289985793;;;;
1948;0;6.6592735244651236;;;;
1949;0;7.994573277409338;;;;
1950;0;8.455370670448866;13.938440020865167;;103.61237413026902;103.19638232389174
1951;0;8.479806874327595;;;;
1952;0;8.024840219894989;;;;
1953;0;8.338005944213323;;;;
1954;0;8.32363478255866;;;;
1955;0;7.58163359765659;;;;
1956;0;4.924415253693836;21.36444236610951;13.361869819631716;;
1957;0;5.050244097636342;;;;
1958;0;5.259652171325795;;;;
1959;0;8.979174778769053;;;;
1960;0;4.265908153687758;;;;
1961;0;0.9659144302686925;;;;
1962;0;0.8928808017122123;13.053307826230414;;;
1963;0;0.6046328537669569;;;;
1964;0;4.0720886783494175;;;;
1965;0;2.4158708115063274;;;;
1966;0;2.18957834857506;;;;
1967;0;2.3263177215967263;;;;
1968;0;1.741419808901393;5.662541101823264;12.636232470521614;;
1969;0;1.6687712973628521;;;;
1970;0;2.134947497826979;;;;
1971;0;2.561127664660425;;;;
1972;0;1.844172446243597;;;;
1973;0;3.1221297988554104;;;;
1974;0;3.435015901380872;6.061932539963475;;;
1975;0;3.8169747149852347;;;21.71450739037462;
1976;0;3.0224917687365918;;;;
1977;0;4.1098744743315505;;;;
1978;0;4.365662765404522;;;;
1979;0;5.262548294856612;;;;
1980;0;4.69689344661362;7.2858128070482255;4.520286127077803;;
1981;0;4.59508672226007;;;;
1982;0;4.925392347802933;;;;
1983;0;5.0063583800514255;;;;
1984;0;4.440324957283976;;;;
1985;0;4.0223367190635075;;;;
1986;0;4.109606931864297;7.5653806661274485;;;
1987;0;4.500115726621348;;;;
1988;0;4.056185883060698;;;;
1989;0;3.378624731027922;;;;
1990;0;3.6224828441899737;;;;
1991;0;3.560287592129563;;;;
1992;0;3.322397781473939;7.452668212827419;3.1920961052615464;;
1993;1;135.80000720904496;;;;
1994;0;0.001907106781186548;;;;
1995;0;0.0009;;;;
1996;0;1.299383202754562;;;;
1997;0;4.275778748588342;;;;
1998;0;5.066211112654832;133.26436551042258;;;
1999;0;6.738566784420811;;;;
2000;0;9.093840965842341;;;131.3873618782261;130.91927102050192
2001;0;10.831162105929424;;;;
2002;0;10.605417859503092;;;;
2003;0;11.877866950557074;;;;
2004;0;12.825354080542168;27.965441034657147;128.89489753829258;;
2005;0;12.62218226597071;;;;
2006;0;12.771375958782178;;;;
2007;0;12.455011029969063;;;;
2008;0;11.966232503993478;;;;
2009;0;13.510336711043326;;;;
2010;0;7.870531603253758;40.60338680403314;;;
2011;0;6.485319403217821;;;;
2012;0;5.267890251981939;;;;
2013;0;3.244463401540633;;;;
2014;0;4.6326531271354625;;;;
2015;0;4.266694428211615;;;;
2016;0;5.0645458457574435;10.252287613295342;39.787983264454475;;
2017;0;3.806323610222755;;;;
2018;0;4.762459357728744;;;;
2019;0;4.534437934099019;;;;
2020;0;5.250802119168435;;;;
2021;0;4.099776187875314;;;;
2022;0;4.802138288722038;6.996850269865494;;;
2023;0;4.252528336340006;;;;
2024;0;5.773051405507337;;;;
2025;0;4.038197851015351;;;40.9204035803891;
2026;0;4.360578976619607;;;;
2027;0;4.842490985094509;;;;
2028;0;4.596519381703009;2.675878243458213;6.41218883309602;;
2029;0;4.463972901483325;;;;
2030;0;5.659463920880489;;;;
2031;0;5.480912694412422;;;;
2032;0;6.5101898767957085;;;;
2033;0;5.848636499507634;;;;
2034;0;4.739319021857775;6.829162658607983;;;
2035;0;5.3744280015299015;;;;
2036;0;5.368342487692879;;;;
2037;0;5.1127327526687525;;;;
2038;0;4.726972971686838;;;;
2039;0;4.720410424594382;;;;
2040;0;4.949028934122008;1.9543344377788432;6.6954572119407025;;
2041;1;82.58097399712983;;;;
2042;0;0.37507585626446216;;;;
2043;0;3.437010168039881;;;;
2044;0;6.582407331866036;;;;
2045;0;10.454308847658366;;;;
2046;0;13.35810676933415;89.03957090011872;;;
2047;0;14.663558877368407;;;;
2048;0;15.180926082679935;;;;
2049;0;14.655453419769838;;;;
2050;0;14.443466407946346;;;85.25894581029682;87.5687347228345
2051;0;14.445858486465278;;;;
2052;0;14.097517888722138;25.94096283839363;78.06590855497329;;
2053;0;13.50819760980209;;;;
2054;0;9.173992348316899;;;;
2055;0;4.4013668092390414;;;;
2056;0;4.521085300892878;;;;
2057;0;8.24508123595948;;;;
2058;0;14.567506430736083;16.076392911611066;;;
2059;0;13.388223159813363;;;;
2060;0;14.29666795172131;;;;
2061;0;3.0040191525760283;;;;
2062;0;3.1809360042044013;;;;
2063;0;2.566228540354153;;;;
2064;0;5.961415143276097;18.52254884180941;20.25554637696745;;
2065;0;6.1454135917206605;;;;
2066;0;4.217561780832397;;;;
2067;0;3.7658263613236733;;;;
2068;0;3.10062492539898;;;;
2069;0;3.5833252392466717;;;;
2070;0;4.5667505859136455;11.153929024540068;;;
2071;0;4.044452916798023;;;;
2072;0;4.799256001841153;;;;
2073;0;6.784082119241781;;;;
2074;0;6.419753261963939;;;;
2075;0;4.599263356050947;;;23.813219697072935;
2076;0;4.937312394359045;11.889330949135537;13.12106488561959;;
2077;0;4.3479019304790345;;;;
2078;0;5.29432141930987;;;;
2079;0;4.864840579288452;;;;
2080;0;5.094722235289686;;;;
2081;0;3.571523193171699;;;;
2082;0;7.340690865694533;8.162144360867543;;;
2083;0;6.548579833588541;;;;
2084;0;8.082837877584115;;;;
2085;0;7.908294508873084;;;;
2086;0;4.090862122062604;;;;
2087;0;5.686120790625697;;;;
2088;0;4.941359299080056;7.058024678667112;2.756656754614205;;
2089;0;4.888410327321647;;;;
2090;0;4.350749450122931;;;;
2091;0;4.536601422499852;;;;
2092;0;3.302597153709046;;;;
2093;0;2.942947647729974;;;;
2094;0;5.114944866918226;6.434010048742015;;;
2095;1;122.75248184531;;;;
2096;0;2.5073088988171324;;;;
2097;0;0.30926739118421515;;;;
2098;0;3.148175183879942;;;;
2099;0;0.2453518391323637;;;;
2100;0;3.4615509810986986;122.98589102753854;123.0336873134679;122.76636520520404;120.9672145135208
2101;0;0.24093913951356394;;;;
2102;0;1.7809171201042506;;;;
2103;0;0.30302875011176233;;;;
2104;0;1.9225681235799514;;;;
2105;0;0.3657517305197459;;;;
2106;0;3.1837573484250257;3.11739521610506;;;
2107;0;2.440200712834422;;;;
2108;0;1.4573169961400216;;;;
2109;0;5.3099809118308015;;;;
2110;0;1.4740671557812564;;;;
2111;0;3.706077540223569;;;;
2112;0;0.7593739017587428;7.173246492873758;6.967242387397078;;
2113;0;3.3865694389530594;;;;
2114;0;0.4520567319675035;;;;
2115;0;2.887653592565922;;;;
2116;0;0.23016969137925775;;;;
2117;0;3.184962393156056;;;;
2118;0;0.31220746175648956;5.803784525751061;;;
2119;0;4.414485205096094;;;;
2120;0;0.2996541839798021;;;;
2121;0;4.226139226710348;;;;
2122;0;0.24146797399429573;;;;
2123;0;5.751056862954494;;;;
2124;0;0.9793896721128995;7.482484668164815;9.871120615414407;;
2125;0;4.324235686329179;;;13.748574931426312;
2126;0;1.0059522585343412;;;;
2127;0;5.073004951843934;;;;
2128;0;0.6912704977843955;;;;
2129;0;4.798647067706187;;;;
2130;0;0.4278662631917483;9.179767568816525;;;
2131;0;6.219246952523079;;;;
2132;0;0.23789222751646763;;;;
2133;0;3.7037597913863554;;;;
2134;0;2.750004521405413;;;;
2135;0;0.434756546762865;;;;
2136;0;3.097328907221624;6.7425142868526455;8.73631090085893;;
2137;0;0.36575634287174336;;;;
2138;0;4.453080306654833;;;;
2139;0;0.23190848496050434;;;;
2140;0;3.515694503239375;;;;
2141;0;1.054551458423366;;;;
2142;0;0.5800308872286944;4.611067782574849;;;
2143;1;110.79875905244523;;;;
2144;0;1.0814081025040376;;;;
2145;0;3.9950372311312865;;;;
2146;0;1.5513639295577752;;;;
2147;0;4.7578760039754995;;;;
2148;0;1.0863467474473654;110.99402085658093;111.15758028887312;;
2149;0;3.288376973744197;;;;
2150;0;1.0756803778530546;;;111.34830334393777;111.21886895114686
2151;0;3.508668306040048;;;;
2152;0;1.0094582173141218;;;;
2153;0;2.145507318888744;;;;
2154;0;1.0128231800960226;3.7367166713199373;;;
2155;0;3.1533743526376887;;;;
2156;0;2.4691351520146525;;;;
2157;0;2.1317807134748326;;;;
2158;0;2.230179767768829;;;;
2159;0;2.3063966968572043;;;;
2160;0;1.8364152293399656;2.8310455881745913;4.555937095931814;;
2161;0;1.7256326091253198;;;;
2162;0;1.8340011596477237;;;;
2163;0;3.224244292710287;;;;
2164;0;7.92024784008112;;;;
2165;0;9.354011694884024;;;;
2166;0;12.060002471287243;12.773075567254075;;;
2167;0;12.414418895563772;;;;
2168;0;12.871880990013443;;;;
2169;0;13.941346333508251;;;;
2170;0;12.704833366023689;;;;
2171;0;10.049170156191511;;;;
2172;0;8.416263974986164;16.351850802792015;7.4905134883716835;;
2173;0;6.546030374176267;;;;
2174;0;6.165032664278323;;;;
2175;0;5.747145947009851;;;10.729884009871142;
2176;0;6.095696980725715;;;;
2177;0;7.183455079844492;;;;
2178;0;8.110179833847887;14.012628172709332;;;
2179;0;3.243616779539218;;;;
2180;0;5.55192521418112;;;;
2181;0;8.701467626811866;;;;
2182;0;7.285835740792441;;;;
2183;0;7.776139542316092;;;;
2184;0;3.2423987759045674;13.379584684396102;16.45137040123224;;
2185;0;3.0719048469749914;;;;
2186;0;2.409727194672357;;;;
2187;0;3.6456956258411157;;;;
2188;0;3.3770077528033404;;;;
2189;0;2.7851233642594475;;;;
2190;0;2.282729527568276;8.254437273156299;;;
2191;0;2.9798313983288627;;;;
2192;0;3.4551052957134774;;;;
2193;0;1.8030901199625249;;;;
2194;0;2.055181835021553;;;;
2195;0;1.459635504874235;;;;
2196;0;1.6496445445337249;6.247890390770688;4.908411060113709;;
2197;0;3.722279546021435;;;;
2198;0;4.472136536196045;;;;
2199;0;3.6970478857339613;;;;
2200;0;5.348052506851258;;;14.65711114180332;16.50535696583703
2201;0;4.335454855765474;;;;
2202;0;6.653272574811753;12.875451328948982;;;
2203;0;9.622186412148814;;;;
2204;0;8.84359518205485;;;;
2205;0;10.390084711057513;;;;
2206;0;11.074470763446243;;;;
2207;0;12.378188559760684;;;;
2208;0;13.860142817986402;30.367846766100364;21.642891847261524;;
2209;0;11.928264503449826;;;;
2210;0;3.1790698976460146;;;;
2211;0;7.1050797678880055;;;;
2212;0;4.195442504004921;;;;
2213;0;7.228890613214488;;;;
2214;0;5.226979806659466;14.570873770054535;;;
2215;0;6.300955212882107;;;;
2216;0;5.050141136328998;;;;
2217;0;10.53904120492946;;;;
2218;0;4.601245827329991;;;;
2219;0;7.84486602712367;;;;
2220;0;4.6262099318135235;14.89350373844408;18.237367218535855;;
2221;0;8.381334749813496;;;;
2222;0;4.4981045262024235;;;;
2223;0;7.485817929419443;;;;
2224;0;3.887072327439989;;;;
2225;0;6.510857357982425;;;29.889218489686428;
2226;0;5.021928419674692;14.122888501756504;;;
2227;0;6.521698964085104;;;;
2228;0;3.8443558959787953;;;;
2229;0;4.404086091124597;;;;
2230;0;3.9446001638281705;;;;
2231;0;3.058972400634958;;;;
2232;1;91.99375649675804;92.13029846613065;92.10137780990445;;
2233;0;9.88387681432567;;;;
2234;0;6.1417362382216165;;;;
2235;0;6.578246057761794;;;;
2236;0;7.5706438818061175;;;;
2237;0;6.738672807390573;;;;
2238;0;6.3781508712652375;15.412597258375031;;;
2239;0;6.228314497712304;;;;
2240;0;6.3705814461383214;;;;
2241;0;8.02782925856864;;;;
2242;0;6.717554607193101;;;;
2243;0;8.198127792317631;;;;
2244;0;6.235974848229585;13.507832132784563;5.870344946011653;;
2245;0;9.239074233386825;;;;
2246;0;10.18163535173402;;;;
2247;0;8.211594300847107;;;;
2248;0;10.384741136161605;;;;
2249;0;12.483144043764126;;;;
2250;0;13.325876919877587;33.264023489092565;;84.0146849720393;86.05207341056447
2251;0;13.257930018287825;;;;
2252;0;13.946043035559333;;;;
2253;0;18.535906651801604;;;;
2254;0;19.840153384417697;;;;
2255;0;14.360192974987042;;;;
2256;0;11.953619886072579;60.70930091314196;77.98608438751711;;
2257;0;8.61380255188426;;;;
2258;0;7.751075918291952;;;;
2259;0;6.993996916871387;;;;
2260;0;5.934955040504429;;;;
2261;0;3.692931396839424;;;;
2262;0;7.249374269820432;15.700964573588926;;;
2263;0;4.13714784476337;;;;
2264;1;72.5212148141067;;;;
2265;0;0.06964952165484634;;;;
2266;0;4.794153268981739;;;;
2267;0;0.02575817653109406;;;;
2268;0;8.34124223352167;72.5136856164685;77.86207048441685;;
2269;0;0.021010844802564613;;;;
2270;0;5.793842449353878;;;;
2271;0;0.012940957823798473;;;;
2272;0;3.9717095337712105;;;;
2273;0;1.5104434655899648;;;;
2274;0;2.447886336567997;9.656174798295172;;;
2275;0;12.012795423005041;;;107.37774817001709;
2276;0;18.49860868940359;;;;
2277;0;14.51154477260145;;;;
2278;0;16.963765731730234;;;;
2279;0;18.277344503738778;;;;
2280;0;18.879028682118836;37.11975618609557;38.726164289813475;;
2281;0;20.604417358991235;;;;
2282;0;19.540159471554094;;;;
2283;0;18.264319893162973;;;;
2284;0;19.13699520928974;;;;
2285;0;15.283576374134812;;;;
2286;0;15.374747214596878;47.67098117690198;;;
2287;0;15.408736085737022;;;;
2288;1;74.04753832031406;;;;
2289;0;13.065072932438431;;;;
2290;0;11.336977210941553;;;;
2291;0;11.53591709715308;;;;
2292;0;16.95179134049738;71.85519041612284;58.17445149435705;;
2293;0;16.04173649486817;;;;
2294;0;12.648710553709346;;;;
2295;0;14.416036214240528;;;;
2296;0;13.733044602446686;;;;
2297;0;11.834577051345692;;;;
2298;0;16.231118664504628;31.244292385143268;;;
2299;0;11.660022729498964;;;;
2300;0;9.530560633542017;;;65.98794220842427;95.07419436397377
2301;0;11.234627648564919;;;;
2302;0;14.542894711229566;;;;
2303;0;18.00054647975335;;;;
2304;0;18.24390132629506;30.007611543927126;19.53085146830561;;
2305;0;14.537124971586346;;;;
2306;0;14.208947128319814;;;;
2307;0;15.827430435223397;;;;
2308;0;14.247377403990686;;;;
2309;0;13.000208854398293;;;;
2310;0;12.732302497931055;29.67423269198294;;;
2311;0;9.515684397196972;;;;
2312;0;7.869685459338314;;;;
2313;0;8.499923100549719;;;;
2314;0;10.894428931562985;;;;
2315;0;15.843340793914855;;;;
2316;0;19.004991648281713;24.83229164099256;23.171400837869044;;
2317;0;17.883370461449523;;;;
2318;0;15.227560908115672;;;;
2319;0;11.595581743988713;;;;
2320;0;7.82935249843691;;;;
2321;0;7.001962990989162;;;;
2322;0;8.423968019809282;33.005543893651144;;;
2323;0;9.32821678091975;;;;
2324;0;9.307334137034644;;;;
2325;0;20.781084682645115;;;38.13905456770079;
2326;0;18.159426645189274;;;;
2327;0;13.721795209241815;;;;
2328;0;14.92294368204404;37.07800952538717;23.87922629992764;;
2329;0;12.11180716083288;;;;
2330;0;13.00352841038479;;;;
2331;0;14.789404049327667;;;;
2332;0;12.154542378791088;;;;
2333;0;11.614531833113633;;;;
2334;0;15.710436603217039;23.926897168985647;;;
2335;0;15.21378135543402;;;;
2336;0;14.134360078792469;;;;
2337;0;15.613714921155015;;;;
2338;0;15.12967704500184;;;;
2339;0;15.86607442882655;;;;
2340;0;17.06380886352567;30.579461497241613;25.822915798131344;;
2341;0;12.164725039125305;;;;
2342;0;8.239725475375659;;;;
2343;0;11.514395467768118;;;;
2344;0;12.957928104383623;;;;
2345;0;15.924160413175708;;;;
2346;0;17.960877596188595;31.227093914732897;;;
2347;0;18.754880696640434;;;;
2348;0;17.16529643699784;;;;
2349;0;13.844877034763648;;;;
2350;0;13.90621674146222;;;33.21264012340358;42.42727242072404
2351;0;13.45985393800906;;;;
2352;0;10.539478473790663;31.100947536571656;29.942898383756308;;
2353;0;8.918453379282061;;;;
2354;0;14.194022280301102;;;;
2355;0;19.847605922008526;;;;
2356;0;18.30607441787351;;;;
2357;0;16.200542805811033;;;;
2358;0;17.73310912170934;30.130586569798634;;;
2359;0;15.089447200899658;;;;
2360;0;10.59650693205143;;;;
2361;0;10.364350554007201;;;;
2362;0;12.373081068004016;;;;
2363;0;15.416463925470417;;;;
2364;0;17.59703796498763;26.88458154404469;38.10304102617865;;
2365;0;17.522518364017078;;;;
2366;0;17.815880617943453;;;;
2367;0;20.663297256896627;;;;
2368;0;18.266274144369092;;;;
2369;0;15.588728129853562;;;;
2370;0;15.38901701324227;45.629966682616974;;;
2371;0;12.840229226569013;;;;
2372;0;14.852541109661283;;;;
2373;0;15.526867469215006;;;;
2374;0;13.42675959057621;;;;
2375;0;14.736272093334856;;;29.72817481328765;
2376;0;18.430345635707862;33.198738078021734;35.037770889739406;;
2377;0;14.399329611680358;;;;
2378;0;16.95865287370405;;;;
2379;0;18.376711407433092;;;;
2380;0;14.732206143522102;;;;
2381;0;10.635519965759839;;;;
2382;0;12.375266580781528;30.572164749140676;;;
2383;0;10.12563412008665;;;;
2384;0;13.038918744002455;;;;
2385;0;18.656019225198282;;;;
2386;0;22.106758211995704;;;;
2387;0;29.35347722822302;;;;
2388;0;36.69145399861316;70.34950272774725;55.98988002640173;;
2389;0;22.34862783494555;;;;
2390;0;10.282005691381288;;;;
2391;0;38.38679353643015;;;;
2392;0;25.124266765015022;;;;
2393;0;37.811220637771875;;;;
2394;0;53.99901853664778;77.6453333633564;;;
2395;0;54.57582772812649;;;;
2396;0;45.23964594648097;;;;
2397;0;39.20632891452306;;;;
2398;0;36.928474074812904;;;;
2399;0;20.285571995776724;;;;
2400;1;98.4391392137295;73.68127619217042;89.40453613453816;59.89361181781211;60.39100174611224
2401;0;8.260020748777551;;;;
2402;0;10.02578685312437;;;;
2403;0;13.224161965803674;;;;
2404;0;16.09461736471604;;;;
2405;0;19.189818915970907;;;;
2406;0;23.73543368918149;22.622882858798558;;;
2407;0;20.241975342720853;;;;
2408;0;19.429777340134397;;;;
2409;0;13.402678409013003;;;;
2410;0;15.231723667878311;;;;
2411;0;13.478117597608167;;;;
2412;0;10.046917810391363;38.23060897623424;26.99358518155365;;
2413;0;0.044709566581057646;;;;
2414;0;11.157661183300096;;;;
2415;0;0.03790442882769214;;;;
2416;0;17.300104234480525;;;;
2417;0;0.04847999215825976;;;;
2418;0;15.149517859148316;23.066037512739747;;;
2419;0;0.02958763696736757;;;;
2420;0;7.107541886289054;;;;
2421;0;0.022505890949930846;;;;
2422;0;3.057833444932303;;;;
2423;0;0.0278877820911942;;;;
2424;0;7.902645528331563;8.440726373367225;22.63313070762984;;
2425;0;0.01884159322824469;;;28.55902002702026;
2426;0;6.179337144260459;;;;
2427;0;0.028623244424505225;;;;
2428;0;5.986498375704361;;;;
2429;0;0.024278395284181995;;;;
2430;0;5.608164387859098;10.334106299509955;;;
2431;0;0.02189830857640702;;;;
2432;0;11.316043682888795;;;;
2433;0;0.032547944085318053;;;;
2434;0;9.226323052818197;;;;
2435;0;0.04524265992494975;;;;
2436;0;9.309900841842978;14.862414725188984;14.314050771928157;;
2437;0;0.020856803558127607;;;;
2438;0;3.0360151487100815;;;;
2439;0;0.025713687568389196;;;;
2440;0;5.125924089112596;;;;
2441;0;0.028680994248766332;;;;
2442;0;4.812839609333713;7.8313925297101745;;;
2443;0;0.013645335822384442;;;;
2444;0;4.450247614160406;;;;
2445;0;0.024001677989988097;;;;
2446;0;5.636572912664523;;;;
2447;0;0.024091915917379938;;;;
2448;0;5.160166440021826;5.9008231926039265;9.152521614567116;;
2449;0;0.02207187546239322;;;;
2450;0;3.5890846431116983;;;13.770938042832373;28.70743296304774
2451;0;0.01978386470668027;;;;
2452;0;6.999725737141813;;;;
2453;0;0.01862297475348385;;;;
2454;0;5.022666296849941;8.310182702217768;;;
2455;0;0.025733463949326095;;;;
2456;0;7.237534153586385;;;;
2457;0;0.03304826988862683;;;;
2458;0;9.718609199688725;;;;
2459;0;0.033503845684496325;;;;
2460;0;6.62349885110113;15.616065820245751;15.34496650074408;;
2461;0;0.021638821820854155;;;;
2462;0;8.666979594907497;;;;
2463;0;0.035374598180092136;;;;
2464;0;11.931636899302488;;;;
2465;0;0.026062307806683924;;;;
2466;0;6.433188042420924;14.437915453959526;;;
2467;0;0.02356305467323043;;;;
2468;0;6.752740875074922;;;;
2469;0;0.017015011346574654;;;;
2470;0;6.795547465964033;;;;
2471;0;0.8332142165122414;;;;
2472;0;5.748487278342612;7.9590330231276605;12.926757959191956;;
2473;0;0.013845925738095047;;;;
2474;0;5.927313548781768;;;;
2475;0;0.019384741407904776;;;10.704450038846819;
2476;0;5.048793283002188;;;;
2477;0;0.4809721469811549;;;;
2478;0;6.880128630813082;11.565963570700355;;;
2479;0;0.021177027721662096;;;;
2480;0;4.02047856005716;;;;
2481;0;0.026775988566826912;;;;
2482;0;4.155904070145158;;;;
2483;0;0.27008106970452395;;;;
2484;0;2.8622560392520464;6.634575423400187;10.82781249439713;;
2485;0;0.04199625206426529;;;;
2486;0;1.822103008570325;;;;
2487;0;1.2805316828561186;;;;
2488;1;118.63576991356288;;;;
2489;0;6.539117563139298;;;;
2490;0;3.513264326140533;118.5206823088701;;;
2491;0;3.5349627563441848;;;;
2492;0;2.536800663509436;;;;
2493;0;2.5601092807365244;;;;
2494;0;1.5217755455536564;;;;
2495;0;3.4844637232188846;;;;
2496;0;3.307907833916936;9.432037043327114;118.57240876882149;;
2497;0;4.628798194111122;;;;
2498;0;2.6673961614414505;;;;
2499;0;2.4584370106884847;;;;
2500;0;6.01761343437848;;;117.5780942954492;118.70953391966627
2501;0;5.85533209160441;;;;
2502;0;7.261930083082891;10.947114156842144;;;
2503;0;8.850980141275457;;;;
2504;0;7.260658639868606;;;;
2505;0;5.645344161287904;;;;
2506;0;3.369331756101417;;;;
2507;0;5.527582932659494;;;;
2508;0;3.03007930275966;14.757531114526683;15.01462966029523;;
2509;0;2.3366967922375452;;;;
2510;0;4.903965592095576;;;;
2511;0;4.821617457548979;;;;
2512;0;2.3784000535998313;;;;
2513;0;2.693862030163078;;;;
2514;0;2.6648828413569046;11.075208766614418;;;
2515;0;3.3341693785265036;;;;
2516;0;6.480204601642069;;;;
2517;0;6.211604724744636;;;;
2518;0;8.213928897039198;;;;
2519;0;10.362497671085018;;;;
2520;0;2.9846537491294276;16.522623884247302;15.059562176651417;;
2521;0;3.7766365502153443;;;;
2522;0;7.313822383567715;;;;
2523;0;4.3259429643570595;;;;
2524;0;3.20001167671956;;;;
2525;0;3.0127559383383393;;;12.654340931366367;
2526;0;2.7059316698201563;10.189341396829821;;;
2527;0;5.151943141459781;;;;
2528;0;3.280651887469804;;;;
2529;0;3.3906806087881916;;;;
2530;0;3.290199290975588;;;;
2531;0;3.8608013174221685;;;;
2532;0;4.285043074337295;10.103578904491481;12.250236747577807;;
2533;0;3.6156938365411193;;;;
2534;0;3.0119670726639116;;;;
2535;0;7.686437076553688;;;;
2536;0;2.5752045981333755;;;;
2537;0;1.4244421774747442;;;;
2538;0;0.5078771867032233;9.328855257377892;;;
2539;0;0.14496349723581453;;;;
2540;0;0.003378584445398434;;;;
2541;0;0.01343494638134375;;;;
2542;0;0.0029242640687119287;;;;
2543;0;0.0;;;;
2544;0;0.001016227766016838;0.1576135903898092;9.35427241155641;;
2545;0;0.0;;;;
2546;0;0.0;;;;
2547;0;0.0;;;;
2548;0;0.0;;;;
2549;0;0.0;;;;
2550;0;0.0;0.0;;9.81087882952328;13.24937194691427
